Date,^GSPC,^DJI,^IXIC,^FTSE,^GDAXI,^FCHI,^N100,EURUSD=X,^HSI,^DXS,GD=F,EURRUB=X,GC=F,SI=F,PL=F,PA=F,HG=F,ALI=F
2019-10-06,2922.625,26356.6044921875,7887.1650390625,7178.949951171875,12042.729858398438,5486.8724365234375,1064.4149780273438,1.0943421423435211,26004.1796875,7676.7574462890625,399.0250015258789,71.24200248718262,1499.0749816894531,17.47974967956543,884.6499938964844,1643.6000061035156,2.5536250472068787,1718.875
2019-10-13,2931.92998046875,26460.265625,7938.3259765625,7188.22001953125,12167.548046875,5542.37998046875,1073.989990234375,1.098353385925293,25889.958984375,7718.18193359375,402.65000610351564,71.22283935546875,1495.6999755859374,17.55680046081543,891.8,1660.939990234375,2.5842000007629395,1740.35
2019-10-20,2987.133935546875,26922.044140625,8113.58603515625,7185.2,12615.001953125,5670.269921875,1095.081982421875,1.1059170722961427,26651.62578125,7765.633984375,405.3380065917969,70.98145904541016,1487.5599853515625,17.466200256347655,889.3599975585937,1714.7800048828126,2.6038000106811525,1728.85
2019-10-27,3008.014013671875,26842.655859375,8163.2,7257.92001953125,12813.4900390625,5673.1919921875,1094.9880126953126,1.1134623527526855,26708.78984375,7716.94599609375,410.64000244140624,71.1032211303711,1490.4800048828124,17.61599998474121,909.9799926757812,1733.5,2.6489999771118162,1737.8
2019-11-03,3045.5099609375,27148.4921875,8317.1162109375,7303.83984375,12923.880078125,5745.666015625,1101.0119873046874,1.112196397781372,26870.6421875,7860.4259765625,412.44000244140625,71.03621978759766,1497.9199951171875,17.88400001525879,928.4599975585937,1775.339990234375,2.6638999462127684,1762.65
2019-11-10,3081.58603515625,27560.668359375,8437.6677734375,7384.06005859375,13196.537890625,5863.72412109375,1121.9559814453125,1.109188175201416,27683.542578125,7949.16005859375,418.9800048828125,70.54848175048828,1480.9,17.368200302124023,918.039990234375,1751.9,2.6849999904632567,1812.95
2019-11-17,3097.99599609375,27790.684375,8490.4638671875,7328.1599609375,13226.7861328125,5912.201953125,1129.48798828125,1.1020796060562135,26642.728125,8080.76396484375,416.39599609375,70.56016082763672,1461.6800048828125,16.856600189208983,877.339990234375,1679.6599853515625,2.6383999824523925,1769.95
2019-11-24,3112.9,27886.64765625,8534.6841796875,7291.87998046875,13177.569921875,5901.44189453125,1126.6379638671874,1.1070436239242554,26745.2921875,8086.7701171875,416.1299987792969,70.61764068603516,1468.7400146484374,17.04460029602051,904.6,1734.280029296875,2.6372000694274904,1753.55
2019-12-01,3143.21494140625,28102.253125,8667.27880859375,7398.419921875,13250.380078125,5919.8419921875,1131.847998046875,1.1015233993530273,26820.2359375,8084.3380859375,417.2950012207031,70.46025848388672,1458.9800048828124,16.944500350952147,898.5000122070312,1799.8400146484375,2.6593499898910524,1776.875
2019-12-08,3116.633984375,27725.695703125,8576.5060546875,7202.1599609375,13063.183984375,5797.4201171875,1113.352001953125,1.1074372291564942,26322.798046875,7935.72998046875,416.5899963378906,70.90820007324218,1470.1,16.836200332641603,900.2599975585938,1840.1399658203125,2.648799991607666,1779.2
2019-12-15,3149.49599609375,27994.010546875,8668.851953125,7258.1798828125,13165.4859375,5869.887890625,1125.4419921875,1.110770869255066,26851.7359375,7967.66796875,424.4099975585938,70.33985900878906,1466.7199951171874,16.7257999420166,924.7400146484375,1884.380029296875,2.770900011062622,1777.45
2019-12-22,3200.339990234375,28314.876171875,8855.5021484375,7548.29990234375,13289.7021484375,5982.66591796875,1144.6059814453124,1.1130937814712525,27781.5703125,7954.2919921875,433.393994140625,69.63733978271485,1475.019970703125,17.027199935913085,927.2799926757813,1897.560009765625,2.8198999881744387,1792.65
2019-12-29,3231.7929443359376,28580.409765625,8983.0349609375,7635.56005859375,13319.04541015625,6032.65,1155.122021484375,1.109208631515503,28017.134375,8031.9740234375,436.93500061035155,68.84764099121094,1501.7800170898438,17.745699882507324,945.2199890136719,1862.0599853515625,2.8415999889373778,1824.55
2020-01-05,3237.8170654296873,28641.5763671875,9012.78896484375,7585.909912109375,13297.8037109375,6011.144091796875,1151.5830200195312,1.1199538230895996,28374.158984375,8071.013916015625,438.5449981689453,69.24141998291016,1525.939990234375,17.933399963378907,973.4400024414062,1918.2300170898438,2.8132999897003175,1823.9
2020-01-12,3255.31201171875,28762.5640625,9130.316015625,7582.019921875,13330.473828125,6027.319921875,1155.256005859375,1.114780330657959,28367.073828125,8257.8162109375,435.9100036621094,68.76828002929688,1560.9199951171875,18.078800201416016,966.7400024414062,2039.519970703125,2.8104999542236326,1816.35
2020-01-19,3301.4,29104.536328125,9306.0060546875,7633.43994140625,13459.173828125,6049.87802734375,1160.1239990234376,1.1135376930236816,28910.62578125,8389.944140625,426.1679992675781,68.11719970703125,1550.1400146484375,17.882200241088867,999.0000122070312,2161.0,2.861799955368042,1805.5
2020-01-26,3317.751025390625,29160.8396484375,9370.3689453125,7585.5400390625,13517.13203125,6026.31201171875,1159.1500244140625,1.108575963973999,28196.2078125,8406.3431640625,417.8250030517578,68.48616027832031,1561.0000122070312,17.846799850463867,1007.0800048828125,2301.4800048828124,2.7601999998092652,1807.525
2020-02-02,3260.48994140625,28621.713671875,9226.80390625,7408.880078125,13202.5099609375,5884.36796875,1134.616015625,1.1022734880447387,27006.5328125,8358.266015625,395.1400024414063,69.01410064697265,1576.4400146484375,17.751399993896484,976.1799926757812,2234.020068359375,2.554599952697754,1754.15
2020-02-09,3310.93798828125,28996.1140625,9468.5419921875,7444.019921875,13378.778125,5964.1779296875,1150.47998046875,1.1037057876586913,26943.533984375,8429.683984375,384.23999633789066,69.88114013671876,1563.8199951171875,17.63819999694824,969.4200073242188,2290.5400390625,2.5593999862670898,1728.15
2020-02-16,3368.677978515625,29385.194140625,9687.287890625,7468.3599609375,13672.2580078125,6067.52998046875,1171.1919921875,1.0900822401046752,27638.89609375,8573.3720703125,387.98999633789066,69.43023986816407,1573.0999755859375,17.62480010986328,967.5200073242188,2323.039990234375,2.5953999519348145,1743.5
2020-02-23,3368.5289794921873,29221.548828125,9721.887890625,7422.5599609375,13699.48203125,6069.2060546875,1173.3099853515625,1.0815072774887085,27612.716015625,8524.35185546875,399.8300018310547,68.92973937988282,1612.0099853515626,18.235200119018554,984.2500061035156,2552.950048828125,2.608649969100952,1716.025
2020-03-01,3080.6939453125,26635.15,8860.304296875,6918.83994140625,12571.683984375,5592.32001953125,1080.093994140625,1.0890673875808716,26663.830078125,7767.53798828125,374.8400024414062,71.11999816894532,1632.6800048828125,17.784400177001952,916.039990234375,2636.219970703125,2.5765999794006347,1688.6
2020-03-08,3044.0060546875,26339.5296875,8793.7119140625,6671.3400390625,11891.5080078125,5338.3580078125,1030.4419921875,1.1147794246673584,26342.621875,7552.4099609375,364.35,74.2934799194336,1642.5400146484376,17.110200119018554,872.0999877929687,2439.4599609375,2.585799980163574,1706.2
2020-03-15,2712.365966796875,23361.727734375,7864.73193359375,5681.22001953125,9986.4798828125,4423.477978515625,860.3199951171875,1.130938673019409,24801.312109375,6445.3240234375,304.2399963378906,82.8118408203125,1616.0,16.210600090026855,824.2800048828125,2102.899951171875,2.5049999713897706,1670.25
2020-03-22,2405.545947265625,20117.198046875,7051.8619140625,5173.8,8732.487890625,3906.476025390625,762.0920043945313,1.0990596055984496,22626.664453125,5279.08408203125,267.32000122070315,84.04497985839843,1490.1400146484375,12.28439998626709,628.5400024414063,1532.7199951171874,2.253000020980835,1635.2
2020-03-29,2466.366015625,20937.26796875,7392.54990234375,5490.82001953125,9589.8919921875,4296.87607421875,836.452001953125,1.0839892387390138,22944.6859375,5593.121875,269.11000366210936,85.17180023193359,1626.7,14.285800170898437,710.3400024414062,2032.939990234375,2.1911999702453615,1547.1
2020-04-05,2539.457958984375,21530.823828125,7539.04404296875,5517.20009765625,9678.6298828125,4271.48203125,837.9359985351563,1.0999428987503053,23276.109765625,5702.59599609375,258.5299987792969,86.37190093994141,1608.5999755859375,14.22599983215332,720.1400024414063,2202.680029296875,2.2073999881744384,1500.25
2020-04-12,2727.7229736328127,23208.3716796875,8043.59599609375,5726.573404947916,10387.636002604168,4449.309407552084,875.5820027669272,1.0859394788742065,24123.6921875,6092.824169921875,273.2250030517578,81.97667236328125,1696.7800048828126,15.482400035858154,737.6799865722656,2131.8300048828123,2.275599980354309,1460.6
2020-04-19,2813.03203125,23725.009765625,8456.76796875,5722.566634114583,10511.251888020834,4449.004752604166,875.0940104166666,1.0920924186706542,24271.51328125,6153.5099609375,259.13800354003905,80.59575958251953,1727.6599853515625,15.559800148010254,786.539990234375,2180.7599609375,2.3275999546051027,1482.5
2020-04-26,2798.714013671875,23487.133984375,8489.7220703125,5760.6400390625,10438.13203125,4428.37587890625,872.3339965820312,1.0834987878799438,23965.116015625,6073.63203125,243.2,81.73049926757812,1713.0599853515625,15.25059986114502,775.1800048828125,2011.2199951171874,2.3182000160217284,1497.15
2020-05-03,2884.903955078125,24187.719921875,8749.4201171875,5916.97998046875,10817.8439453125,4558.708984375,897.6989929199219,1.0861568212509156,24351.41640625,6283.72197265625,240.65999755859374,80.46716003417968,1700.9,15.05679988861084,788.6800048828125,1907.839990234375,2.3616000175476075,1494.5
2020-05-10,2874.11796875,23900.940234375,8895.0400390625,5866.169921875,10693.2419921875,4469.16396484375,882.1880004882812,1.0867644786834716,23966.1484375,6053.2298828125,265.35,80.95797882080078,1705.4400146484375,15.213600158691406,775.4800048828125,1796.6,2.3622999668121336,1479.5
2020-05-17,2867.302001953125,23709.1,9003.2677734375,5875.97998046875,10597.86796875,4371.68603515625,875.5760009765625,1.0825275421142577,24131.050390625,5889.62001953125,271.1239929199219,79.72673950195312,1721.02001953125,16.033599853515625,779.5200073242188,1816.760009765625,2.355200004577637,1471.0
2020-05-24,2950.483984375,24463.881640625,9281.0359375,6025.32001953125,11099.533984375,4468.698046875,894.1559936523438,1.0920022249221801,23986.60390625,6151.39814453125,296.5299987792969,78.82093963623046,1736.339990234375,17.67140007019043,884.6400146484375,2054.82001953125,2.4312999725341795,1491.0
2020-05-31,3015.1099853515625,25211.452734375,9388.76904296875,6107.60986328125,11584.3201171875,4660.344140625,925.55400390625,1.097770595550537,23146.498046875,6570.118017578125,299.93500061035155,78.01033935546874,1717.0000366210938,17.840100479125976,870.3800048828125,1953.8000244140626,2.4208499908447267,1515.0
2020-06-07,3113.1400390625,26176.072265625,9654.6458984375,6318.919921875,12318.18896484375,4970.77998046875,978.4019775390625,1.1201545953750611,24238.1578125,6958.02998046875,313.22999877929686,77.40765838623047,1711.1800048828125,18.072600173950196,862.4599853515625,1936.6400146484375,2.503099966049194,1566.3
2020-06-14,3134.623974609375,26513.687890625,9796.0779296875,6263.86015625,12377.462109375,4995.78193359375,978.6180053710938,1.132216501235962,24733.050390625,7024.07607421875,317.4600036621094,77.85691986083984,1717.52001953125,17.749799728393555,843.839990234375,1937.5,2.6031000137329103,1614.3
2020-06-21,3103.580029296875,26024.862109375,9884.31796875,6215.5,12244.287890625,4940.4701171875,975.6599975585938,1.1261871099472045,24342.255859375,6784.71396484375,322.25800170898435,78.41719970703124,1729.960009765625,17.61860008239746,830.2599975585938,1903.460009765625,2.5865000247955323,1592.2
2020-06-28,3078.458056640625,25677.630078125,9974.248046875,6198.96005859375,12229.5859375,4933.19208984375,976.3699951171875,1.1248507499694824,24683.20703125,6464.58408203125,323.64000244140624,77.7777816772461,1765.839990234375,17.900400161743164,822.739990234375,1884.0400146484376,2.660099983215332,1580.05
2020-07-05,3110.85302734375,25805.6412109375,10123.16396484375,6190.23994140625,12388.051953125,4972.98203125,984.0919921875,1.1239649772644043,24800.293359375,6481.4380859375,327.98499755859376,79.17360076904296,1782.25,18.254399681091307,826.0899963378906,1918.1499877929687,2.7186500310897825,1614.15
2020-07-12,3166.414013671875,26005.17578125,10487.04609375,6155.4,12593.6458984375,4999.571875,996.9300048828125,1.1292479276657104,26076.3140625,6298.728125,334.6,80.52557830810547,1801.119970703125,18.815599822998045,845.7599853515625,1938.460009765625,2.816600036621094,1632.15
2020-07-19,3203.92001953125,26601.030078125,10481.3861328125,6237.9400390625,12844.578125,5065.47392578125,1006.7259765625,1.1375110626220704,25358.28984375,6333.6439453125,336.00999755859374,80.60680084228515,1808.0,19.605399703979494,837.6,2005.1599853515625,2.9003999710083006,1634.85
2020-07-26,3247.289990234375,26729.866015625,10595.6359375,6214.7,13052.88984375,5044.95400390625,1005.3219970703125,1.1520095348358155,25143.983984375,6498.4740234375,340.92999877929685,82.15406036376953,1861.760009765625,22.091400146484375,922.8800048828125,2190.6,2.9108999729156495,1652.65
2020-08-02,3246.7259765625,26449.11796875,10562.87578125,6050.69990234375,12637.8421875,4892.78603515625,975.2060180664063,1.1759151697158814,24713.019921875,6442.98798828125,341.05999755859375,85.02021942138671,1946.860009765625,24.112799835205077,941.0400024414063,2236.419970703125,2.8923999786376955,1685.7
2020-08-09,3325.866015625,27102.9703125,10992.2841796875,6046.5400390625,12634.93203125,4894.68798828125,974.4160034179688,1.1822075605392457,24793.9,6592.583984375,346.89000244140624,86.69498138427734,2011.97998046875,26.639799880981446,966.4199951171875,2184.5400390625,2.880999946594238,1751.25
2020-08-16,3364.1580078125,27856.5859375,10965.044140625,6152.12001953125,12917.619921875,5003.2240234375,991.2559936523437,1.1773480892181396,24985.16171875,6861.016015625,348.2200012207031,86.4368392944336,1957.1199951171875,27.000000381469725,970.2,2191.07998046875,2.8554999828338623,1745.9
2020-08-23,3385.8580078125,27797.184375,11212.7560546875,6066.23994140625,12874.9099609375,4938.96005859375,979.2900024414063,1.1878812551498412,25159.772265625,6730.45,355.8140014648437,87.10419921875,1962.3,27.367200088500976,946.3599853515625,2198.519970703125,2.9543000221252442,1751.65
2020-08-30,3469.238037109375,28406.991796875,11566.44375,6030.180078125,13089.57421875,5016.70009765625,995.2920043945312,1.1817987442016602,25446.56015625,6820.00595703125,359.0900024414062,88.71017913818359,1933.27998046875,26.978400039672852,930.1799926757812,2175.42001953125,2.954599952697754,1750.95
2020-09-06,3497.964013671875,28520.450390625,11708.5599609375,5873.1900390625,13012.6978515625,4978.330078125,983.8900024414063,1.18935227394104,25037.0078125,6832.67001953125,354.39000244140624,88.51207885742187,1944.339990234375,27.496600341796874,914.4199951171875,2276.219970703125,3.011599969863892,1774.45
2020-09-13,3358.0719970703126,27691.7365234375,10968.5599609375,5983.1798828125,13143.5099609375,5025.65810546875,985.1559936523438,1.181143856048584,24499.95390625,6643.403076171875,341.4599975585937,89.24785919189453,1939.6299926757813,26.888200187683104,922.2500061035156,2299.1199951171875,3.0205999851226806,1772.575
2020-09-20,3369.3419921875,27916.1421875,11000.2001953125,6053.4599609375,13198.2140625,5042.38203125,992.193994140625,1.1841758251190186,24578.9859375,6783.91611328125,348.2019958496094,88.8701400756836,1952.339990234375,27.188600158691408,955.539990234375,2356.9,3.0735000133514405,1772.85
2020-09-27,3275.72001953125,27037.68203125,10792.2517578125,5839.719921875,12571.1140625,4771.883984375,949.8299926757812,1.1730737924575805,23591.3078125,6541.733984375,347.7800048828125,89.51443786621094,1877.139990234375,23.577999877929688,850.4199829101562,2229.5,3.004800033569336,1748.2
2020-10-04,3355.8580078125,27663.626171875,11154.3638671875,5894.62001953125,12775.44609375,4825.53994140625,963.247998046875,1.1705451488494873,23487.4921875,6568.82197265625,345.0,91.57095947265626,1892.6400146484375,23.901000213623046,890.4000122070313,2306.9400390625,2.9687000274658204,1771.55
2020-10-11,3422.59599609375,28247.454296875,11370.5220703125,5966.7599609375,12951.26796875,4901.616015625,982.1420043945312,1.175700306892395,24060.75390625,6700.098046875,354.14000244140624,91.71520080566407,1901.0599853515625,24.225200271606447,873.6800170898438,2394.37998046875,3.01729998588562,1812.0
2020-10-18,3500.393994140625,28626.36796875,11778.8640625,5931.66005859375,12959.6400390625,4928.36796875,991.8760009765625,1.1765256881713868,24504.096484375,6762.6779296875,357.8840026855469,90.96383972167969,1903.260009765625,24.447600173950196,863.1799926757812,2359.92001953125,3.0598000049591065,1867.1
2020-10-25,3444.89599609375,28282.851953125,11506.8701171875,5839.280078125,12667.6119140625,4897.3740234375,981.1299926757813,1.1796637058258057,24714.22578125,6717.99599609375,361.42000122070317,91.08685913085938,1908.9,24.81660041809082,880.1599975585938,2391.32001953125,3.1389000415802,1848.25
2020-11-01,3328.55,26965.845703125,11178.46796875,5652.5798828125,11791.162109375,4656.362109375,940.7259887695312,1.1773881435394287,24608.598828125,6372.62412109375,347.3800048828125,91.34706115722656,1886.139990234375,23.836399841308594,862.9799926757812,2271.039990234375,3.0661999702453615,1819.85
2020-11-08,3428.545947265625,27793.2640625,11499.02421875,5828.2599609375,12249.91796875,4872.89404296875,981.697998046875,1.1719470977783204,25138.954296875,6694.873828125,350.8400024414062,92.24739990234374,1917.82001953125,24.598400115966797,877.3400024414062,2336.5,3.102999973297119,1896.9
2020-11-15,3558.169970703125,29307.300390625,11718.5900390625,6304.119921875,13120.9859375,5388.64599609375,1068.493994140625,1.1824563264846801,26174.17421875,7267.81796875,363.9799987792969,90.8637191772461,1869.519970703125,24.286199951171874,878.839990234375,2387.87998046875,3.149899959564209,1910.9
2020-11-22,3588.72802734375,29583.783984375,11876.9498046875,6371.53994140625,13139.4759765625,5487.29609375,1081.9300048828125,1.1856495141983032,26429.91171875,7579.63798828125,370.5639892578125,90.54947967529297,1875.8,24.447000122070314,941.7199951171875,2331.139990234375,3.2223000049591066,1968.05
2020-11-29,3623.0,29862.35390625,12073.558984375,6377.52001953125,13266.2919921875,5557.366015625,1093.952001953125,1.1889143705368042,26691.65546875,7755.30888671875,384.9199951171875,90.07208099365235,1804.8000122070312,23.15590019226074,956.0499938964844,2370.180029296875,3.325349974632263,1959.45
2020-12-06,3663.785986328125,29906.82578125,12348.926171875,6430.96005859375,13307.7041015625,5573.34189453125,1099.7599853515626,1.2048850774765014,26601.233984375,7738.883984375,385.97999877929686,91.06711883544922,1817.639990234375,23.776399993896483,1016.9799926757812,2371.080029296875,3.471299982070923,2041.65
2020-12-13,3679.718017578125,30071.621875,12445.069921875,6565.01982421875,13259.9560546875,5547.6138671875,1100.902001953125,1.2113695859909057,26446.141796875,7882.90986328125,389.0800048828125,89.13216247558594,1848.12001953125,24.283599853515625,1029.17998046875,2316.8,3.5209999561309813,2024.1
2020-12-20,3695.033984375,30139.5640625,12642.7359375,6539.2599609375,13489.9541015625,5536.6259765625,1100.3080078125,1.2179780721664428,26446.815625,7814.419921875,400.77800903320315,89.28773956298828,1861.9999755859376,25.120000076293945,1035.5,2331.93994140625,3.567899990081787,2050.3
2020-12-27,3698.8920166015623,30172.715625,12795.67109375,6481.176595052084,13525.8322265625,5492.998828125,1093.7529907226562,1.220316219329834,26301.237109375,7822.172900390625,402.8999938964844,91.14860076904297,1875.7899780273438,25.896500015258788,1020.5599975585938,2322.1900390625,3.5535999536514282,2022.2
2021-01-03,3735.7740478515625,30434.1734375,12860.25703125,6540.873356119791,13743.194140625,5584.23505859375,1109.135986328125,1.223233127593994,26922.66640625,7870.675048828125,406.86000061035156,90.60001983642579,1891.9799682617188,26.44520034790039,1063.3199829101563,2381.860009765625,3.542699956893921,2009.225
2021-01-10,3760.823974609375,30716.7984375,12905.5322265625,6751.2798828125,13857.5400390625,5632.17802734375,1119.3080078125,1.2283024787902832,27648.3421875,7833.92802734375,420.06000366210935,91.35341796875,1910.139990234375,26.722000122070312,1094.3599609375,2420.560009765625,3.6425000190734864,2034.55
2021-01-17,3794.88603515625,30988.72578125,13069.78984375,6767.16005859375,13915.5720703125,5653.780078125,1125.0920166015626,1.217391037940979,28298.2578125,7994.19599609375,431.10999755859376,90.03153991699219,1845.1400146484375,25.342800521850585,1083.139990234375,2388.8,3.6113999843597413,1998.95
2021-01-24,3825.7760009765625,31032.8560546875,13365.2478515625,6716.92001953125,13873.0837890625,5598.9359375,1125.6460205078124,1.2113240242004395,29568.62578125,8022.173974609375,431.1510040283203,89.36666107177734,1852.160009765625,25.48219985961914,1104.1299926757813,2372.4099609375,3.638799953460693,1967.95
2021-01-31,3791.4740234375,30557.2375,13388.1,6558.8,13646.8400390625,5473.04599609375,1103.268017578125,1.2140758037567139,29136.455859375,7758.8740234375,431.89000244140624,91.73052062988282,1847.1400146484375,25.833799743652342,1085.0,2298.92001953125,3.599300003051758,1999.75
2021-02-07,3837.78203125,30765.41796875,13652.15,6496.77998046875,13901.5638671875,5571.1279296875,1120.256005859375,1.2048145532608032,29170.23984375,7866.44208984375,444.7,91.49421997070314,1824.660009765625,27.1794002532959,1114.039990234375,2269.299951171875,3.576900005340576,1983.1
2021-02-14,3917.581982421875,31417.698046875,14017.821875,6539.6,14019.0958984375,5684.371875,1138.968017578125,1.2095016241073608,29874.51028645833,8120.0298828125,459.35999755859376,89.57633972167969,1830.860009765625,27.280999755859376,1221.760009765625,2346.57998046875,3.7574999809265135,2071.1
2021-02-21,3923.6620361328123,31522.8009765625,13964.85908203125,6691.42001953125,13992.701953125,5768.09990234375,1156.05,1.209733510017395,30725.445963541668,8090.491943359375,470.65400390625,89.0930419921875,1785.3799926757813,27.256599998474123,1272.4000122070313,2370.9599365234376,3.903100061416626,2112.025
2021-02-28,3864.7580078125,31471.05546875,13381.5998046875,6606.5,13891.2939453125,5766.4740234375,1140.9739990234375,1.2155418157577516,29945.018359375,8042.96591796875,483.4699951171875,90.10762023925781,1782.0,27.533000183105468,1237.239990234375,2372.56005859375,4.200300025939941,2189.75
2021-03-07,3840.447998046875,31323.512109375,13117.798046875,6631.83994140625,14021.9361328125,5809.1759765625,1142.78798828125,1.2048903942108153,29352.785546875,8018.75205078125,478.3399963378906,89.47510070800782,1713.8199951171875,26.10900001525879,1168.7999755859375,2345.1,4.1164000034332275,2195.85
2021-03-14,3895.6560546875,32239.2859375,13094.0681640625,6734.7,14486.1759765625,5979.76396484375,1170.3900146484375,1.191748070716858,28869.38203125,8225.155859375,488.18999633789065,88.12755737304687,1711.5199951171876,25.90639991760254,1185.219970703125,2316.480029296875,4.090699958801269,2189.2
2021-03-21,3946.866015625,32857.010546875,13357.578125,6760.88017578125,14602.4259765625,6041.39404296875,1181.6279541015624,1.1935690641403198,29058.445703125,8427.5099609375,481.81000366210935,87.59408111572266,1731.9800048828124,26.17400016784668,1207.8800048828125,2535.220068359375,4.1187999725341795,2236.65
2021-03-28,3924.86201171875,32653.35390625,13136.7080078125,6710.72001953125,14659.983984375,5960.4580078125,1175.65400390625,1.184920883178711,28307.380078125,8313.2900390625,468.74000244140626,89.65848083496094,1730.5,25.25119972229004,1173.4800048828124,2624.97998046875,4.0743999004364015,2263.0
2021-04-04,3994.2580322265626,33142.658984375,13284.97412109375,6745.053352864583,15016.8359375,6077.23193359375,1199.3426432291667,1.1758279085159302,28621.12919921875,8509.38798828125,470.60500183105466,89.27870025634766,1712.610009765625,24.633799934387206,1188.0599853515625,2603.0699951171873,4.021750020980835,2239.8
2021-04-11,4091.55390625,33541.57265625,13764.4619140625,6872.346647135417,15200.6779296875,6143.80205078125,1213.5493001302084,1.1850136041641235,28785.84560546875,8649.0458984375,469.69000244140625,90.96622009277344,1741.7400146484374,25.21760025024414,1222.9400390625,2642.5,4.098700046539307,2266.35
2021-04-18,4150.02607421875,33878.04375,13959.0078125,6944.4400390625,15274.7181640625,6215.1140625,1222.369970703125,1.1945437669754029,28722.8421875,8722.916015625,481.8299987792969,91.44896087646484,1751.339990234375,25.568000030517577,1181.27998046875,2707.16005859375,4.12470006942749,2317.15
2021-04-25,4157.35390625,33979.125,13897.295703125,6926.42001953125,15258.8017578125,6239.5138671875,1225.960009765625,1.2019928216934204,28939.578125,8679.9421875,490.24000244140626,91.45498046875001,1779.4400146484375,26.0963996887207,1209.3,2824.000048828125,4.276799964904785,2355.75
2021-05-02,4190.03212890625,33944.41796875,14065.051953125,6960.62001953125,15225.5798828125,6285.6619140625,1232.9380126953124,1.2104968786239625,28998.769921875,8748.59609375,503.7500061035156,90.5142593383789,1773.1599853515625,26.12200012207031,1219.4,2937.3,4.540000057220459,2406.65
2021-05-09,4191.82607421875,34360.57890625,13699.2240234375,7022.980078125,15172.02421875,6328.3439453125,1236.1179931640625,1.203611969947815,28516.154296875,8820.06796875,517.5199951171875,89.98314056396484,1799.5800048828125,26.981600189208983,1238.3800048828125,2964.860009765625,4.600599956512451,2473.15
2021-05-16,4137.98408203125,34200.64375,13275.5880859375,7016.6400390625,15257.33984375,6321.24013671875,1228.3639892578126,1.2122461795806885,28117.35,8718.619921875,519.0400085449219,89.92592163085938,1831.5400146484376,27.352800369262695,1230.1199951171875,2898.900048828125,4.726800060272216,2511.15
2021-05-23,4144.3560546875,34115.2953125,13397.83203125,7011.0400390625,15340.905859375,6342.71201171875,1230.9920166015625,1.218589687347412,28443.7357421875,8703.4078125,510.93800659179686,89.84898986816407,1875.02001953125,28.021399688720702,1207.3400146484375,2865.439990234375,4.624899864196777,2454.65
2021-05-30,4197.23193359375,34404.71640625,13708.2720703125,7030.12001953125,15458.7640625,6422.03603515625,1246.94599609375,1.2206549644470215,28945.34765625,8842.0279296875,516.2,89.73022155761718,1896.439990234375,27.937800216674805,1185.5000244140624,2776.52001953125,4.589099979400634,2449.05
2021-06-06,4207.195068359375,34612.29921875,13732.8841796875,7074.689990234375,15583.3541015625,6496.333984375,1258.610009765625,1.2196714401245117,29160.309765625,8980.046875,528.6,89.43514251708984,1894.8200073242188,27.929199981689454,1180.7800170898438,2843.949951171875,4.5886499881744385,2474.1
2021-06-13,4231.98994140625,34524.6078125,13961.6259765625,7095.1201171875,15632.67578125,6561.03408203125,1271.5139892578125,1.2177892446517944,28778.460546875,9010.8400390625,534.989990234375,88.17953948974609,1890.7599853515626,27.969400024414064,1156.1,2791.67998046875,4.533199977874756,2477.65
2021-06-20,4222.75,33968.05546875,14095.6818359375,7135.02001953125,15657.887890625,6628.78798828125,1283.3480224609375,1.2053707122802735,28635.11171875,8898.04609375,526.8219970703125,87.12261962890625,1823.9400146484375,27.061000061035156,1109.4199951171875,2664.9400390625,4.322300052642822,2461.55
2021-06-27,4252.05205078125,34065.4890625,14279.316015625,7094.5,15578.63203125,6603.8259765625,1277.65400390625,1.1917292594909668,28757.30234375,8892.5638671875,527.75,86.67906036376954,1778.52001953125,26.020000076293947,1080.1199951171875,2601.460009765625,4.272699928283691,2452.6
2021-07-04,4310.437890625,34499.590625,14538.9,7089.32001953125,15605.941796875,6547.9919921875,1271.5539794921874,1.1895198345184326,28793.9908203125,8794.1958984375,535.6500122070313,86.32367858886718,1774.3400146484375,26.16220054626465,1079.7400146484374,2742.099951171875,4.275000095367432,2549.95
2021-07-11,4347.9958984375,34646.622265625,14648.37685546875,7113.87998046875,15594.92578125,6505.77802734375,1263.9080078125,1.183718752861023,27734.9296875,8791.08701171875,529.325,87.7535400390625,1798.5299926757812,26.151899909973146,1082.6699951171875,2810.37998046875,4.296199989318848,2527.925
2021-07-18,4363.06591796875,34898.6140625,14605.2421875,7072.280078125,15707.819921875,6525.9080078125,1269.4179931640624,1.18317391872406,27853.412109375,8695.1,533.493994140625,87.93714141845703,1816.42001953125,26.145999908447266,1120.2,2775.139990234375,4.315999984741211,2530.8
2021-07-25,4343.90205078125,34631.3859375,14585.480078125,6943.93994140625,15391.1599609375,6431.5419921875,1253.356005859375,1.1791486501693726,27403.8859375,8631.9421875,521.5299987792969,87.4210189819336,1805.7800048828126,25.18479995727539,1071.12001953125,2649.200048828125,4.304199886322022,2488.65
2021-08-01,4407.7619140625,35030.7515625,14742.9619140625,7029.7599609375,15578.666015625,6593.27197265625,1278.439990234375,1.1828656196594238,25805.79609375,8782.7640625,537.5400024414063,86.97044067382812,1808.2999755859375,25.21500015258789,1057.0,2640.1,4.522900104522705,2571.85
2021-08-08,4415.71806640625,35003.9984375,14790.7541015625,7110.9400390625,15664.412109375,6748.81796875,1302.1820068359375,1.1856850147247315,26248.25234375,8652.4921875,526.6299926757813,86.64172058105468,1800.7599853515626,25.231599807739258,1019.7800170898438,2652.8599609375,4.367199993133545,2611.1
2021-08-15,4448.06806640625,35373.34453125,14810.5138671875,7185.06005859375,15851.43203125,6853.978125,1322.7699951171876,1.1737891674041747,26491.723828125,8697.7060546875,522.9699951171875,86.401220703125,1745.360009765625,23.395800018310545,1003.2800048828125,2632.660009765625,4.349100017547608,2597.35
2021-08-22,4435.10595703125,35188.7140625,14646.4599609375,7130.23994140625,15877.5,6732.1439453125,1301.8440185546874,1.1732851982116699,25592.078125,8518.595703125,509.5740051269531,86.41965942382812,1782.939990234375,23.43300018310547,994.7599975585938,2416.7400390625,4.162199974060059,2586.35
2021-08-29,4488.26396484375,35355.27890625,15015.9240234375,7131.57998046875,15852.933984375,6674.36796875,1302.94599609375,1.174519658088684,25471.0078125,8600.6919921875,521.260009765625,86.97805786132812,1801.1599609375,23.78319969177246,999.2800048828125,2408.319970703125,4.263399982452393,2650.3
2021-09-05,4529.5880859375,35377.20234375,15305.841796875,7141.12998046875,15833.6958984375,6715.848046875,1316.031982421875,1.1824716329574585,25887.84765625,8622.35390625,529.1900024414062,86.61772003173829,1815.339990234375,24.14679946899414,1006.1800170898438,2438.919970703125,4.319900035858154,2722.75
2021-09-12,4502.737890625,34970.542578125,15278.726953125,7097.10009765625,15723.6900390625,6697.3900390625,1316.2800048828126,1.1849921941757202,26152.0203125,8494.90205078125,527.8949829101563,86.55527954101562,1797.4,24.176399421691894,981.9000061035156,2246.4599853515624,4.308500051498413,2837.85
2021-09-19,4459.84404296875,34719.5578125,15106.151953125,7022.02001953125,15636.466015625,6621.26005859375,1304.0380126953125,1.1803271770477295,25187.572265625,8399.2240234375,539.743994140625,85.80205993652343,1778.6199951171875,23.2802001953125,937.3800048828125,2007.9,4.32180004119873,2912.35
2021-09-26,4402.40400390625,34342.28984375,14891.4181640625,7019.63994140625,15432.6099609375,6597.19599609375,1299.1380126953125,1.1722203016281127,24278.016015625,8353.7279296875,538.6699951171875,85.55601959228515,1762.37998046875,22.52700004577637,966.4200073242188,1943.7599853515626,4.203199958801269,2940.3
2021-10-03,4363.95595703125,34346.0921875,14608.8740234375,7062.6400390625,15320.96796875,6551.18193359375,1283.439990234375,1.1656453132629394,24450.8630859375,8511.698046875,557.510009765625,84.81493835449218,1743.92001953125,22.215399932861327,964.0999877929687,1888.819970703125,4.204399967193604,2933.6
2021-10-10,4360.16591796875,34447.1546875,14484.9560546875,7051.52001953125,15132.2720703125,6541.448046875,1279.4520263671875,1.1587379932403565,24329.31796875,8578.2341796875,574.7700073242188,83.84391937255859,1760.1,22.603400421142577,981.1,1936.8400146484375,4.22790002822876,2973.6
2021-10-17,4397.05390625,34691.90546875,14648.905859375,7172.12001953125,15329.0939453125,6625.751953125,1297.664013671875,1.1568982601165771,25182.43828125,8685.45,585.316015625,83.04043884277344,1774.0999755859375,23.01279945373535,1028.8199951171875,2102.97998046875,4.517899990081787,3112.1
2021-10-24,4527.39189453125,35521.07109375,15115.6958984375,7207.8599609375,15505.751953125,6693.683984375,1320.3419921875,1.1624640941619873,25895.487890625,8798.3837890625,589.5900024414062,82.5585205078125,1779.0599853515625,24.021599960327148,1045.719970703125,2052.8199951171873,4.662600135803222,3058.55
2021-10-31,4578.95,35707.7515625,15328.95390625,7248.1599609375,15689.43984375,6773.4919921875,1336.964013671875,1.1626751661300658,25746.401953125,8625.29609375,592.1900146484375,81.46319885253907,1796.239990234375,24.181800079345702,1031.0199829101562,2003.3999755859375,4.447599983215332,2808.8
2021-11-07,4656.4958984375,36115.2453125,15793.7998046875,7279.23994140625,15960.9462890625,6959.9099609375,1360.706005859375,1.1581360578536988,25074.887890625,8676.9298828125,583.3,82.74913940429687,1791.3599853515625,23.76959991455078,1037.7399780273438,2014.6400146484375,4.355400085449219,2691.1
2021-11-14,4673.1560546875,36170.7359375,15811.3701171875,7329.3400390625,16066.4,7057.37197265625,1371.9300048828125,1.1538533687591552,25029.800390625,8746.2900390625,583.3500122070312,82.14317932128907,1847.2599853515626,24.85240020751953,1075.260009765625,2060.700048828125,4.394600105285645,2602.3
2021-11-21,4694.97392578125,35926.7296875,15960.0861328125,7289.9400390625,16205.866015625,7138.47001953125,1382.5260009765625,1.1363781213760376,25424.8921875,8619.0580078125,575.3139892578125,82.77332000732422,1860.319970703125,24.979800033569337,1065.2199951171874,2140.660009765625,4.351399993896484,2602.5
2021-11-28,4663.55205078125,35497.72578125,15727.0470703125,7232.57998046875,15821.2201171875,7001.4900390625,1347.810009765625,1.1235083103179933,24621.819921875,8420.3662109375,567.1249938964844,83.68330078125,1788.7200073242188,23.52730026245117,973.7299987792969,1848.1800048828125,4.3856500625610355,2634.825
2021-12-05,4570.16806640625,34572.31328125,15408.2720703125,7117.9400390625,15257.3501953125,6788.11005859375,1308.939990234375,1.1308526277542115,23708.4078125,8050.90009765625,527.4300048828125,84.18778076171876,1776.039990234375,22.51759986877442,936.5199951171875,1763.87998046875,4.285599899291992,2599.45
2021-12-12,4671.82001953125,35685.378125,15569.4060546875,7304.53984375,15628.8779296875,6989.12998046875,1337.78798828125,1.13013756275177,23916.098046875,8271.155859375,542.2400024414062,83.53741760253907,1780.2,22.247800064086913,942.3,1820.1199951171875,4.335799884796143,2575.0
2021-12-19,4660.44404296875,35677.128125,15313.321875,7230.2599609375,15543.9439453125,6939.5099609375,1318.1999755859374,1.1296680688858032,23535.883984375,8179.16396484375,541.0920043945313,83.14879913330078,1783.9400146484375,22.129399871826173,918.039990234375,1669.1,4.261000061035157,2595.15
2021-12-26,4679.618017578125,35651.15546875,15451.92099609375,7316.5,15566.53388671875,7015.898046875,1334.133984375,1.1292968034744262,23047.183984375,8252.40390625,550.0400024414063,83.37870025634766,1800.8099731445313,22.69099998474121,953.6299926757813,1865.17998046875,4.365700054168701,2747.7
2022-01-02,4783.10205078125,36385.11953125,15761.145703125,7400.20009765625,15897.77119140625,7161.85595703125,1362.5759765625,1.1330849409103394,23225.787890625,8441.0419921875,566.6800170898438,83.64293975830078,1812.719970703125,23.058799743652344,968.8400024414062,1962.960009765625,4.425300025939942,2786.45
2022-01-09,4732.751953125,36451.9890625,15314.4900390625,7480.52998046875,16088.972265625,7276.028125,1374.366015625,1.1313941478729248,23207.616015625,8586.8798828125,574.0500122070313,85.50765838623047,1804.739990234375,22.709199905395508,968.7200073242187,1872.7599853515626,4.407200050354004,2841.15
2022-01-16,4686.31796875,36127.328125,14997.0458984375,7519.0599609375,15927.0458984375,7176.09599609375,1359.497998046875,1.1389923810958862,24140.171875,8662.1560546875,590.6700073242188,85.59757995605469,1816.37998046875,22.90359992980957,964.8800170898437,1899.0599853515625,4.4548999786376955,2946.05
2022-01-23,4522.10390625,35003.603515625,14294.0849609375,7568.7201171875,15806.441796875,7154.2400390625,1350.6259765625,1.1361615896224975,24475.31171875,8551.1599609375,607.7259948730468,86.8855194091797,1828.82001953125,23.987399673461915,1012.9299743652343,1992.4799926757812,4.464249944686889,3029.875
2022-01-30,4374.9740234375,34343.3140625,13611.978125,7431.77998046875,15287.521875,6919.4779296875,1302.4959716796875,1.1272141695022584,24109.41015625,8249.4900390625,613.410009765625,88.41297912597656,1820.5,23.29459991455078,1023.2800048828125,2279.939990234375,4.413299942016602,3077.95
2022-02-06,4525.887890625,35273.46484375,14196.051953125,7525.6798828125,15434.477734375,7034.19404296875,1322.623974609375,1.127833652496338,24187.7744140625,8268.4337890625,632.0900024414062,86.74092102050781,1802.8199951171875,22.510400390625,1027.0000122070312,2332.079931640625,4.437599945068359,3075.8
2022-02-13,4503.062109375,35260.3234375,14135.4560546875,7623.47998046875,15369.31796875,7056.33798828125,1327.697998046875,1.1431282758712769,24714.008203125,8418.4140625,639.939990234375,85.98989868164062,1831.87998046875,23.29839973449707,1029.6999877929688,2250.2400390625,4.5368000030517575,3264.45
2022-02-20,4415.37587890625,34576.0984375,13863.9119140625,7559.0599609375,15246.5779296875,6934.72001953125,1308.97197265625,1.1353987216949464,24550.332421875,8431.65,648.406005859375,86.41520080566406,1878.4599853515624,23.729799652099608,1054.8599853515625,2310.160009765625,4.52480001449585,3296.95
2022-02-27,4306.0849609375,33569.76875,13410.4029296875,7434.6400390625,14534.962109375,6726.01796875,1268.6159912109374,1.129047727584839,23403.81796875,8379.08193359375,659.7999938964844,90.94614105224609,1905.8499755859375,24.340000343322753,1072.760009765625,2403.8100341796876,4.486450099945069,3374.9
2022-03-06,4351.82001953125,33697.67265625,13577.4521484375,7288.82001953125,13831.783984375,6398.67412109375,1223.77802734375,1.1141784191131592,22438.255859375,9034.9220703125,734.260009765625,113.68847961425782,1932.4400146484375,25.213000106811524,1070.539990234375,2680.860009765625,4.677400016784668,3637.85
2022-03-13,4222.7,32970.90625,12971.1658203125,7073.80009765625,13316.8599609375,6160.10205078125,1175.95,1.094516968727112,20779.051953125,8844.519921875,787.8800048828125,138.19273529052734,2000.139990234375,26.133200073242186,1111.460009765625,2904.219970703125,4.649200057983398,3465.05
2022-03-20,4333.6419921875,33957.67421875,13295.001953125,7290.180078125,14217.65390625,6509.26806640625,1231.360009765625,1.099321961402893,20189.57421875,8878.0337890625,706.4800048828125,144.81308288574218,1933.27998046875,25.135199737548827,1025.2999877929688,2432.039990234375,4.604599952697754,3287.65
2022-03-27,4498.45009765625,34657.62578125,14046.20390625,7466.1,14332.6740234375,6586.52412109375,1264.585986328125,1.102119517326355,21723.105859375,9203.719921875,767.9300048828125,144.81000061035155,1940.2599853515626,25.36639976501465,1025.6400146484375,2487.699951171875,4.713599967956543,3533.55
2022-04-03,4577.16806640625,34995.10234375,14379.7658203125,7528.5599609375,14540.99609375,6693.4080078125,1277.2699951171876,1.1060288667678833,21976.20625,9218.8501953125,735.3,106.83163909912109,1930.67998046875,24.95160026550293,987.4,2222.639990234375,4.719099998474121,3507.4
2022-04-10,4515.47998046875,34672.85234375,14046.76796875,7596.3400390625,14291.20625,6577.1220703125,1262.3360107421875,1.0938530445098877,22111.0470703125,9127.2421875,724.6099975585937,91.90724182128906,1929.1800048828125,24.623799896240236,966.6200073242187,2267.539990234375,4.743200016021729,3394.1
2022-04-17,4408.259912109375,34395.14375,13423.98408203125,7600.713248697917,14143.681380208334,6559.174772135417,1256.142000325521,1.0861321449279786,21354.904166666667,9129.473828125,749.2299926757812,87.3395782470703,1969.0400146484376,25.665600395202638,984.0400024414063,2372.4699951171874,4.702599954605103,3229.4
2022-04-24,4395.7580078125,34617.56796875,13283.80625,7597.306673177083,14263.382682291665,6601.839388020833,1265.6960123697916,1.0815312147140503,20896.873958333334,9123.75390625,756.4199951171875,86.69321899414062,1953.360009765625,25.135800170898438,974.6,2414.4,4.689099979400635,3233.5
2022-05-01,4214.94208984375,33497.034375,12638.137890625,7449.2201171875,13910.44609375,6470.22392578125,1232.8920166015625,1.0645633459091186,20223.194140625,8695.8458984375,745.2099853515625,77.72899780273437,1895.7,23.367399978637696,914.4599975585937,2198.219970703125,4.430399990081787,3041.75
2022-05-08,4180.24794921875,33229.7375,12505.398046875,7499.789892578125,13905.233984375,6384.84599609375,1221.331982421875,1.0547154664993286,20772.482421875,8592.0138671875,763.55,73.75076141357422,1870.560009765625,22.450400161743165,958.339990234375,2175.7400390625,4.280299854278565,2927.15
2022-05-15,3976.28798828125,32033.501953125,11580.2240234375,7291.80009765625,13702.323828125,6208.32001953125,1184.5959716796874,1.0504604578018188,19711.0388671875,8092.64814453125,748.3300048828125,69.47843780517579,1836.160009765625,21.292599487304688,952.2000122070312,1977.8,4.169099998474121,2751.6
2022-05-22,3964.538037109375,31776.622265625,11561.716015625,7422.8,14004.4580078125,6337.77001953125,1209.5240234375,1.0487834930419921,20406.9859375,8155.8259765625,768.6699951171875,66.68430023193359,1826.1199951171875,21.674400329589844,941.5400024414063,1988.5599853515625,4.236800003051758,2862.25
2022-05-29,4022.008056640625,32355.8578125,11621.248046875,7534.19990234375,14159.312109375,6367.3701171875,1216.8860107421874,1.0681592226028442,20313.39765625,8265.50009765625,778.1700073242188,62.307099151611325,1851.560009765625,21.92939987182617,944.5400024414063,1995.5800048828125,4.301799964904785,2867.9
2022-06-05,4132.786962890625,33010.574609375,12102.348046875,7576.40009765625,14450.0119140625,6487.16396484375,1239.0719970703126,1.0728867292404174,21256.84296875,8488.8080078125,796.635009765625,67.51156005859374,1848.9800048828124,21.906899642944335,994.0599914550781,2003.6500244140625,4.391199970245362,2729.3
2022-06-12,4063.312109375,32534.4796875,11883.4240234375,7518.76005859375,14323.4099609375,6408.68994140625,1228.9880126953126,1.0690587997436523,21775.078125,8521.9279296875,820.7,64.64792022705078,1851.7800048828126,22.00340003967285,1001.0800170898438,1934.7799560546875,4.4054999351501465,2728.65
2022-06-19,3723.3419921875,30273.18984375,10836.2359375,7145.59990234375,13276.2919921875,5954.2359375,1144.3539794921876,1.0469757318496704,21072.8421875,7874.6580078125,789.75400390625,59.12760009765625,1826.8199951171875,21.402800369262696,930.5800048828125,1803.0,4.134999942779541,2525.95
2022-06-26,3790.3929931640623,30680.1869140625,11179.20302734375,7118.47998046875,13146.6,5951.61201171875,1138.647998046875,1.0525814294815063,21344.95390625,7964.80400390625,742.5200012207031,57.650840759277344,1831.239990234375,21.394499588012696,922.460009765625,1833.0400146484376,3.9086500644683837,2449.55
2022-07-03,3830.2400390625,31057.45,11208.1138671875,7246.39990234375,13003.6080078125,6003.74599609375,1159.0119873046874,1.0518967866897584,22070.0478515625,8172.73212890625,729.8099975585938,55.20118026733398,1811.0199951171876,20.500600051879882,900.0200073242188,1896.6199951171875,3.735099983215332,2422.95
2022-07-10,3861.3659912109374,31152.1482421875,11433.1587890625,7150.26005859375,12725.5099609375,5940.36396484375,1152.8419921875,1.0296211004257203,21727.887890625,8172.984228515625,685.4049926757813,72.85148010253906,1751.1100219726563,19.150099754333496,868.2200012207031,1972.1499755859375,3.495799994468689,2366.575
2022-07-17,3825.7099609375,30969.277734375,11317.7041015625,7152.33994140625,12775.72421875,5998.430078125,1164.583984375,1.0061024188995362,20763.1640625,8086.0400390625,675.589990234375,60.79912109375,1718.8800048828125,18.76420021057129,847.3200073242188,1971.819970703125,3.3008999824523926,2348.15
2022-07-24,3937.603955078125,31742.137890625,11772.9142578125,7266.13994140625,13210.10390625,6179.14404296875,1202.747998046875,1.017533802986145,20716.246484375,8278.15009765625,677.4340087890625,57.01340026855469,1711.6999755859374,18.67439994812012,860.439990234375,1886.5599853515625,3.323900032043457,2440.95
2022-07-31,4022.84404296875,32264.785546875,11986.1880859375,7345.89990234375,13247.9580078125,6298.92998046875,1229.7099853515624,1.0191271543502807,20583.609765625,8456.44609375,681.9300048828125,59.56251983642578,1733.8,19.063399887084962,870.4,2042.1599609375,3.4444000244140627,2441.95
2022-08-07,4132.42392578125,32707.471484375,12552.8060546875,7431.20009765625,13550.5998046875,6460.8919921875,1255.3159912109375,1.0206146001815797,19999.623828125,8703.9638671875,657.9099975585938,62.43314056396484,1771.9,20.042000198364256,905.3400024414062,2098.2600341796874,3.5164000034332275,2382.55
2022-08-14,4192.0380859375,33202.83671875,12764.0580078125,7488.9,13682.78984375,6527.28193359375,1263.5739990234374,1.0238830327987671,19983.61953125,8718.21796875,668.0099975585938,61.94402084350586,1792.939990234375,20.554199981689454,946.1599975585938,2240.4400390625,3.6444000244140624,2459.6
2022-08-21,4277.7201171875,33950.11015625,12967.855859375,7530.67998046875,13719.0740234375,6548.816015625,1269.40400390625,1.0171828985214233,19866.153515625,8895.92421875,661.4419921875,61.35217971801758,1763.560009765625,19.706600189208984,914.1800048828125,2142.560009765625,3.638700008392334,2384.2
2022-08-28,4132.854052734375,32903.522265625,12395.0759765625,7480.07998046875,13177.6580078125,6356.66796875,1245.756005859375,0.9976396083831787,19713.478125,8662.3201171875,684.6799926757812,58.816680145263675,1744.4800048828124,18.92619972229004,867.2799926757813,2046.9,3.6914999961853026,2423.3
2022-09-04,3972.576025390625,31675.0296875,11826.6,7293.990087890625,12873.91796875,6151.883984375,1201.5240234375,0.9993828058242797,19795.208203125,8370.2619140625,668.4400024414062,59.44411926269531,1715.8,17.960599899291992,826.3199951171875,2052.920068359375,3.505200004577637,2350.05
2022-09-11,3975.5650146484377,31576.9361328125,11779.82705078125,7287.7599609375,12908.144140625,6128.39599609375,1191.302001953125,0.9953465223312378,19137.919921875,8338.59306640625,643.3950134277344,59.6727798461914,1709.0000122070312,18.14109992980957,848.9600036621093,2048.6700073242187,3.493850040435791,2249.45
2022-09-18,3952.758056640625,31281.128125,11724.0841796875,7331.0,13063.4279296875,6207.36591796875,1200.4739990234375,1.003106713294983,19042.116796875,8286.90400390625,650.343994140625,59.39459991455078,1693.339990234375,19.417399597167968,899.2199951171875,2148.52001953125,3.567300033569336,2277.25
2022-09-25,3799.3939453125,30315.355859375,11222.9998046875,7164.6201171875,12611.408203125,5954.86005859375,1155.660009765625,0.9938997626304626,18374.645703125,8061.20791015625,627.1099975585937,59.32741928100586,1661.3199951171875,19.23499984741211,904.0400024414063,2137.2,3.4975000381469727,2201.75
2022-10-02,3649.492041015625,29206.13203125,10799.437890625,6957.27998046875,12128.1580078125,5745.4859375,1114.6820068359375,0.9689510941505433,17471.00625,7672.29189453125,607.489990234375,55.275780487060544,1646.260009765625,18.605999755859376,862.0400024414063,2127.660009765625,3.380099964141846,2137.85
2022-10-09,3727.36396484375,29860.96171875,10973.237890625,7007.2599609375,12428.1841796875,5924.53193359375,1146.368017578125,0.9861825227737426,17700.684375,7962.1240234375,644.810009765625,57.596440124511716,1707.5199951171876,20.56439971923828,928.1,2248.019970703125,3.479199934005737,2314.05
2022-10-16,3606.247998046875,29465.294140625,10471.1859375,6875.9599609375,12291.76796875,5860.666015625,1122.3739990234376,0.9720912456512452,16745.36953125,7902.2400390625,652.539990234375,60.41496047973633,1665.6,18.94679985046387,903.8400024414062,2104.0400390625,3.4587999820709228,2308.25
2022-10-23,3702.323974609375,30509.91640625,10720.65390625,6939.10009765625,12730.872265625,6054.13408203125,1151.8699951171875,0.9799006342887878,16506.019921875,8232.83408203125,628.1639892578125,59.6592399597168,1643.060009765625,18.657999801635743,923.5799926757812,2009.07998046875,3.439300012588501,2220.6
2022-10-30,3839.082080078125,32014.109765625,11003.5681640625,7041.00009765625,13126.9560546875,6235.05986328125,1184.1919921875,0.9954012393951416,15190.9900390625,8654.1560546875,636.0,60.16010055541992,1653.1599853515625,19.323600006103515,963.060009765625,1928.139990234375,3.5302000045776367,2258.35
2022-11-06,3795.6419921875,32387.67578125,10644.398046875,7189.6400390625,13287.8521484375,6306.32392578125,1199.23798828125,0.9856651782989502,15494.0177734375,8847.6337890625,647.6099975585937,60.42117919921875,1645.2800048828126,19.724800491333006,952.5200073242188,1836.6800048828125,3.5199000358581545,2283.5
2022-11-13,3866.5560546875,33192.999609375,10794.2740234375,7319.13994140625,13851.9080078125,6488.0259765625,1232.130029296875,1.0048011302948,16583.6880859375,9101.50390625,647.4199829101562,60.26512069702149,1723.0,21.3992000579834,1028.160009765625,1931.4,3.764699935913086,2380.4
2022-11-20,3963.934033203125,33595.0921875,11205.8619140625,7367.56005859375,14324.816015625,6615.72607421875,1258.5679931640625,1.0352486610412597,18051.501953125,9065.980078125,632.6880004882812,61.97738037109375,1766.62001953125,21.405199813842774,1020.4599975585937,2027.0,3.76080002784729,2426.25
2022-11-27,4006.7180419921874,34122.003515625,11193.28818359375,7449.6400390625,14462.16171875,6678.17392578125,1270.835986328125,1.0342402458190918,17567.722265625,9225.333984375,615.264990234375,62.14378051757812,1744.6000366210938,21.211200141906737,1009.8,1848.7200317382812,3.6104000091552733,2389.425
2022-12-04,4029.989990234375,34223.33046875,11289.04609375,7534.76005859375,14431.1080078125,6713.7880859375,1282.989990234375,1.0398268938064574,18302.327734375,9220.7,612.7700073242188,62.48945999145508,1766.3,21.867799758911133,1039.6800048828125,1860.0,3.7264000415802,2439.0
2022-12-11,3954.381982421875,33679.8609375,11060.0,7505.380078125,14337.4541015625,6674.0580078125,1274.3999755859375,1.0516607999801635,19425.077734375,9142.63984375,579.0599975585938,65.20358123779297,1781.8,22.725999450683595,1026.039990234375,1871.0800048828125,3.8426000118255614,2491.7
2022-12-18,3950.72802734375,33640.5421875,11017.4759765625,7440.62001953125,14228.8041015625,6620.3439453125,1265.5340087890625,1.060150384902954,19510.5078125,9109.644140625,595.0119995117187,65.76429901123046,1793.8199951171875,23.44919967651367,1032.7599853515626,1830.219970703125,3.8074999809265138,2414.0
2022-12-25,3836.985986328125,33043.03515625,10555.2982421875,7434.29990234375,13956.0701171875,6505.36611328125,1242.5300048828126,1.0608004570007323,19376.0765625,9082.5783203125,595.639990234375,72.44089965820312,1800.4800048828124,23.67959976196289,1016.3799926757813,1671.639990234375,3.788199949264526,2395.65
2023-01-01,3827.6570068359374,33141.612890625,10387.32724609375,7486.36015625,13976.8046875,6527.232080078125,1242.5800048828125,1.0647039413452148,19782.686328125,9136.82001953125,609.15,75.11145935058593,1813.4500122070312,23.90900001525879,1047.7099731445312,1784.45,3.8220499992370605,2411.275
2023-01-08,3842.4219970703125,33221.727734375,10429.4001953125,7595.040087890625,14357.6078125,6723.46806640625,1271.70400390625,1.0612577199935913,20589.11171875,9229.49599609375,581.4349975585938,76.09085998535156,1844.239990234375,23.77829990386963,1078.4499755859374,1746.189990234375,3.8035500288009643,2302.2
2023-01-15,3952.642041015625,33937.46796875,10878.0419921875,7756.5,14932.0318359375,6939.9740234375,1312.752001953125,1.0750938653945923,21481.722265625,9291.5662109375,592.4599975585937,75.26414031982422,1886.5599853515625,23.728000259399415,1075.0,1772.9800048828124,4.126699924468994,2513.5
2023-01-22,3957.2640625,33546.91796875,11026.39091796875,7811.9400390625,15091.366015625,7030.344140625,1325.4899658203126,1.0815958738327027,21739.5984375,9120.121875,610.239990234375,74.05778045654297,1914.5799926757813,23.82910022735596,1038.539990234375,1728.7899658203125,4.225950002670288,2617.125
2023-01-29,4036.793994140625,33806.96953125,11429.23203125,7762.66005859375,15112.116015625,7063.916015625,1329.3140380859375,1.0888797521591187,22434.56484375,9250.59609375,613.1099975585937,75.3962387084961,1931.97998046875,23.6794002532959,1032.47998046875,1669.160009765625,4.246100044250488,2656.3
2023-02-05,4105.96396484375,33975.20859375,11800.4900390625,7807.9400390625,15284.1419921875,7128.34990234375,1336.4659912109375,1.0900214910507202,21920.6140625,9392.6861328125,591.57001953125,76.5572998046875,1911.880029296875,23.356399917602538,1002.2599975585938,1629.7400146484374,4.139999961853027,2599.6
2023-02-12,4112.97998046875,33913.17421875,11883.8919921875,7876.06015625,15382.048046875,7141.4740234375,1340.2559814453125,1.0741892814636231,21323.831640625,9435.8517578125,585.3799926757813,76.88463897705078,1868.8599853515625,22.158400344848634,965.2,1596.539990234375,4.061700057983399,2483.8
2023-02-19,4118.10400390625,33997.35859375,11913.1259765625,7983.23994140625,15459.97578125,7287.42802734375,1363.885986328125,1.0700273275375367,20959.566015625,9570.97421875,591.6160034179687,78.87817993164063,1844.5,21.716799926757812,927.739990234375,1490.07998046875,4.1057000160217285,2366.2
2023-02-26,4001.79306640625,33124.73046875,11524.89912109375,7941.82001953125,15392.098046875,7289.6439453125,1354.6739990234375,1.0644585132598876,20440.3359375,9479.60419921875,579.0650024414062,79.19208221435547,1825.7000122070312,21.48329963684082,932.1600036621094,1460.07998046875,4.127849912643432,2356.975
2023-03-05,3986.153955078125,32920.43359375,11490.7982421875,7923.47998046875,15391.5236328125,7286.0140625,1353.7739990234375,1.0602389574050903,20269.23203125,9490.1701171875,585.8599853515625,79.81828155517579,1832.9599853515624,20.88980026245117,959.6800048828125,1419.339990234375,4.08730001449585,2353.35
2023-03-12,3961.342041015625,32650.16015625,11451.8619140625,7881.519921875,15581.23203125,7314.75791015625,1354.183984375,1.0599900722503661,20086.916015625,9447.5341796875,580.2099975585937,80.19642181396485,1833.160009765625,20.28859977722168,950.8199951171875,1363.0,4.045700025558472,2324.55
2023-03-19,3908.77998046875,31991.528515625,11479.766015625,7455.12001953125,14932.571875,6997.97998046875,1300.2080078125,1.0666760444641112,19441.26015625,9152.6779296875,550.9800048828125,80.80347747802735,1926.6599853515625,21.886999893188477,983.3400146484375,1432.7599853515626,3.94709997177124,2264.25
2023-03-26,3962.2240234375,32235.613671875,11763.394140625,7482.4,15102.5060546875,7082.3041015625,1317.0780029296875,1.0775537967681885,19563.244140625,9143.8619140625,547.5400024414063,82.47078094482421,1967.9800048828124,22.784599685668944,985.5599975585938,1402.7600341796874,4.061999988555908,2271.4
2023-04-02,4027.350048828125,32735.421875,11929.3080078125,7554.49990234375,15349.9439453125,7187.8720703125,1336.4599853515624,1.0834612369537353,20050.79609375,9320.2580078125,566.3699951171875,83.3875,1968.0400146484376,23.54640007019043,975.9199951171875,1430.5800048828125,4.105299854278565,2363.85
2023-04-09,4105.51494140625,33501.487890625,12097.3521484375,7693.660026041667,15583.886458333334,7335.71259765625,1361.527294921875,1.089983582496643,20340.081901041667,9445.54990234375,589.2950073242188,86.67404022216797,2007.8800048828125,24.777299690246583,1002.0000122070312,1444.2400024414062,4.01465003490448,2338.475
2023-04-16,4118.772021484375,33766.79375,12067.0638671875,7819.359993489583,15706.361197916665,7431.21923828125,1370.9106689453124,1.0950982570648193,20402.456770833334,9510.408203125,594.560009765625,89.28339996337891,2009.660009765625,25.335800170898438,1021.47998046875,1456.5000244140624,4.065399980545044,2336.15
2023-04-23,4144.80400390625,33891.28046875,12120.0759765625,7900.87998046875,15849.0060546875,7539.3919921875,1383.056005859375,1.0962093830108643,20454.683984375,9563.2599609375,584.1760009765625,89.61947937011719,1996.77998046875,25.21759948730469,1092.7,1600.3599853515625,4.045899963378906,2411.6
2023-04-30,4113.897998046875,33726.48359375,12011.9060546875,7871.6201171875,15850.928125,7509.4939453125,1374.1280029296875,1.1021899461746216,19813.987890625,9373.82578125,564.6400146484375,89.98631896972657,1989.7599853515626,25.007200241088867,1090.9400146484375,1506.4199951171875,3.87669997215271,2338.85
2023-05-07,4115.134033203125,33590.5171875,12104.05,7772.839990234375,15812.383984375,7399.61611328125,1358.1499877929687,1.1016583681106566,19909.0404296875,9317.3798828125,543.4599975585937,87.8599609375,2018.3400146484375,25.533399963378905,1062.780029296875,1450.6000244140625,3.863600015640259,2346.85
2023-05-14,4129.92607421875,33464.3921875,12271.23203125,7752.37001953125,15910.654296875,7399.18203125,1364.783984375,1.0975139141082764,19859.567578125,9246.678125,546.2599975585938,84.86392059326172,2024.439990234375,25.008399963378906,1101.2599853515626,1571.2,3.8098000049591065,2277.5
2023-05-21,4158.9958984375,33348.81015625,12511.1140625,7750.2400390625,16041.0419921875,7432.501953125,1371.572021484375,1.0841161966323853,19737.554296875,9310.0919921875,545.2219970703125,86.22839965820313,1984.4599853515624,23.806200408935545,1074.72001953125,1505.760009765625,3.707800006866455,2278.55
2023-05-28,4162.03603515625,33000.000390625,12687.794140625,7671.8400390625,15999.35,7331.7560546875,1357.735986328125,1.0777050733566285,19124.2568359375,9213.3041015625,545.4099975585938,86.24186096191406,1959.4400146484375,23.26599998474121,1046.8599853515625,1443.219970703125,3.624599981307983,2250.75
2023-06-04,4218.845068359375,33168.688671875,13058.20595703125,7528.089990234375,15886.11015625,7204.07607421875,1337.8880126953125,1.0723953723907471,18509.6015625,9229.95712890625,536.6450073242188,85.13491821289062,1960.6700073242187,23.459900093078613,1019.4999877929688,1377.4500122070312,3.6767500400543214,2257.675
2023-06-11,4283.5900390625,33702.31015625,13221.6818359375,7602.9,15971.337890625,7209.598046875,1344.5080322265626,1.0719724893569946,19229.781640625,9525.4580078125,549.7000122070312,87.11997833251954,1958.3999755859375,23.828999710083007,1033.3800048828125,1359.4999755859376,3.7738999843597414,2229.5
2023-06-18,4383.19189453125,34192.99140625,13626.822265625,7607.8400390625,16257.41796875,7309.84794921875,1364.4979736328125,1.0818457365036012,19640.687890625,9673.1259765625,547.1160034179687,90.43832092285156,1954.280029296875,23.95040054321289,995.3800048828125,1368.5400146484376,3.84520001411438,2231.2
2023-06-25,4376.75400390625,33971.20546875,13594.21005859375,7536.17998046875,16030.7501953125,7247.1779296875,1349.8880126953125,1.0947665691375732,19336.490234375,9682.3619140625,551.7749877929688,91.02444152832031,1929.5099975585938,22.87310028076172,957.0699829101562,1322.1999755859374,3.873099994659424,2209.35
2023-07-02,4386.18193359375,34004.8265625,13572.4900390625,7483.76005859375,15940.7080078125,7279.8080078125,1354.8159912109375,1.0911648511886596,18993.0203125,9738.5939453125,537.3299926757812,92.9988800048828,1916.0599853515625,22.802599716186524,919.8,1248.6400146484375,3.7414000034332275,2141.7
2023-07-09,4432.830908203125,34143.5609375,13750.4779296875,7405.3,15837.94609375,7252.3220703125,1355.1679931640624,1.0890554189682007,18946.280078125,9858.94970703125,543.5799926757812,97.92055969238281,1919.3699584960937,22.98350009918213,911.1399841308594,1233.7700317382812,3.7571500062942507,2112.45
2023-07-16,4467.28193359375,34291.484375,13923.4822265625,7369.4400390625,15946.5201171875,7288.20986328125,1363.860009765625,1.107154941558838,18952.9796875,9938.5638671875,560.5599975585938,100.27754058837891,1946.3599853515625,24.027599716186522,950.6,1255.9199951171875,3.8437000274658204,2182.75
2023-07-23,4542.9400390625,35010.27265625,14210.545703125,7551.6201171875,16136.901953125,7351.09208984375,1378.55,1.120731496810913,19037.212109375,9926.01796875,566.71201171875,101.73263702392578,1967.9400146484375,24.929999923706056,971.2400024414062,1288.4599853515624,3.813600015640259,2159.95
2023-07-30,4561.698046875,35422.2875,14139.49609375,7686.8798828125,16281.955859375,7419.90810546875,1391.0139892578125,1.1059215545654297,19404.672265625,9916.2599609375,587.0499877929688,99.93526000976564,1959.42001953125,24.50940055847168,953.3599975585937,1250.3199951171875,3.882700061798096,2164.7
2023-08-06,4531.8,35350.8484375,14094.46796875,7604.17998046875,16110.498046875,7358.45986328125,1377.5419677734376,1.098509430885315,19713.55390625,9945.71015625,589.6,101.65627899169922,1944.039990234375,24.003800201416016,926.9200073242188,1244.3999755859375,3.8873000144958496,2183.95
2023-08-13,4483.68193359375,35273.7046875,13796.716015625,7562.4,15881.391796875,7337.016015625,1368.264013671875,1.0984811305999755,19258.313671875,9974.0599609375,593.7499877929688,105.54376068115235,1920.060009765625,22.78579978942871,904.3400146484375,1249.17998046875,3.758799934387207,2138.5
2023-08-20,4414.39599609375,34799.04921875,13500.3439453125,7365.26005859375,15742.428125,7246.52802734375,1346.5179931640625,1.0901596307754517,18392.28828125,9812.871875,580.2360107421875,105.13289947509766,1895.87998046875,22.616799545288085,894.0199951171875,1229.97998046875,3.684399938583374,2080.25
2023-08-27,4401.069921875,34334.3640625,13555.8220703125,7304.2599609375,15658.12421875,7225.9240234375,1339.02998046875,1.0857112169265748,17918.355859375,9757.1580078125,579.7400024414062,102.02561950683594,1907.5,23.9036003112793,928.7199951171875,1240.8999755859375,3.7586999416351317,2109.6
2023-09-03,4493.848046875,34772.50234375,13946.995703125,7448.820068359375,15880.56796875,7335.20205078125,1358.4,1.0853760957717895,18418.5599609375,9906.4,589.5499877929688,103.4114013671875,1935.3400146484375,24.490600204467775,973.5199951171875,1224.02001953125,3.7834000110626222,2164.3
2023-09-10,4475.448095703125,34580.4640625,13886.03203125,7447.3400390625,15759.3779296875,7233.03798828125,1344.3320068359376,1.0743704080581664,18420.476171875,9739.03681640625,604.7099975585937,104.70550079345703,1922.639990234375,23.300200271606446,917.760009765625,1200.8199951171875,3.7555500745773314,2175.925
2023-09-17,4474.4439453125,34682.1171875,13827.8939453125,7586.97998046875,15773.87421875,7288.24189453125,1347.285986328125,1.0718628644943238,18072.47421875,9585.86796875,617.1599975585938,103.12381896972656,1915.4800048828124,23.003200149536134,909.0800048828125,1237.839990234375,3.764800024032593,2188.45
2023-09-24,4389.948046875,34323.434375,13458.6701171875,7681.46005859375,15660.4681640625,7257.55400390625,1341.78798828125,1.0671511888504028,17905.2359375,9500.3796875,615.5059936523437,102.73685913085937,1930.739990234375,23.409000396728516,937.539990234375,1254.119970703125,3.7067999839782715,2206.2
2023-10-01,4294.6458984375,33669.9734375,13169.676171875,7610.580078125,15317.778125,7104.198046875,1316.960009765625,1.0575476169586182,17598.149609375,9342.569921875,612.15,101.88863830566406,1879.4199951171875,22.664599990844728,904.5799926757812,1237.6800048828125,3.664400005340576,2254.25
2023-10-08,4269.6560546875,33218.4859375,13250.8837890625,7467.90009765625,15146.4658203125,7024.06796875,1300.3780029296875,1.0514399051666259,17359.4701171875,9219.748046875,586.6599975585938,104.4273193359375,1823.97998046875,21.147999954223632,866.8400024414062,1176.239990234375,3.600600004196167,2258.25
2023-10-15,4349.648046875,33690.05,13537.6419921875,7596.96005859375,15324.666015625,7084.619921875,1318.266015625,1.0582432746887207,17825.378125,9677.91796875,588.2200073242187,103.59665985107422,1876.0000244140624,21.99859962463379,876.7599975585938,1151.9400146484375,3.6125,2197.2
2023-10-22,4312.71806640625,33637.74375,13317.20390625,7559.080078125,15085.658203125,6951.094140625,1299.6639892578125,1.0554787158966064,17522.848046875,9603.75625,597.9280029296875,102.86202087402344,1950.0,22.9310001373291,891.5800048828125,1128.1800048828125,3.575600004196167,2174.5
2023-10-29,4181.21806640625,32863.121875,12843.6080078125,7364.93994140625,14798.2599609375,6868.70595703125,1280.614013671875,1.0597376585006715,17120.405859375,9402.994140625,587.3900024414063,99.61739959716797,1982.239990234375,22.89720039367676,896.6599853515625,1131.97998046875,3.591499996185303,2197.55
2023-11-05,4254.91982421875,33431.36171875,13094.9322265625,7371.1400390625,14956.5998046875,6950.30791015625,1298.0739990234374,1.0592546224594117,17303.065625,9622.9701171875,579.539990234375,98.201220703125,1987.4599853515624,22.95199966430664,929.9999877929688,1119.6,3.655499982833862,2243.55
2023-11-12,4377.94599609375,34107.1546875,13625.722265625,7409.16005859375,15221.027734375,7038.5640625,1314.9580322265624,1.0705562114715577,17583.951953125,9835.483984375,560.510009765625,98.53858032226563,1959.339990234375,22.66999969482422,872.4599975585937,1041.1800170898437,3.64520001411438,2243.25
2023-11-19,4486.47802734375,34809.90625,14041.0220703125,7453.69990234375,15682.6740234375,7176.93203125,1340.7400146484374,1.0795727014541625,17637.816015625,10070.8876953125,559.5140014648438,97.7383819580078,1966.5800048828125,23.312800216674805,886.0599975585938,1028.2400024414062,3.700899934768677,2195.5
2023-11-26,4551.901953125,35246.81953125,14251.91513671875,7483.9400390625,15956.7802734375,7261.56806640625,1350.8320068359376,1.091367745399475,17743.3640625,10192.55185546875,561.8950134277344,96.20850067138672,1993.4799926757812,23.884700584411622,929.0099853515625,1074.7,3.7938000202178954,2201.925
2023-12-03,4563.666015625,35675.45234375,14262.50390625,7464.52001953125,16147.687890625,7288.03603515625,1356.3519775390625,1.0954112529754638,17149.164453125,10236.228125,555.2900024414063,97.42127990722656,2041.539990234375,25.093200302124025,932.1599975585938,1030.7199951171874,3.8175000190734862,2175.9
2023-12-10,4575.251953125,36149.7359375,14261.2140625,7517.27998046875,16596.50390625,7422.12802734375,1374.697998046875,1.0815680503845215,16423.4861328125,10401.26171875,533.6699951171875,99.0794189453125,2020.260009765625,23.869600296020508,907.539990234375,950.3199951171875,3.7827999591827393,2117.2
2023-12-17,4682.3939453125,36925.32421875,14655.066015625,7572.29990234375,16771.178125,7559.81201171875,1394.4480224609374,1.0842150449752808,16399.823828125,10582.2978515625,528.7460083007812,97.67523803710938,1997.8800048828125,23.22120056152344,934.5799926757812,1039.3599853515625,3.825099992752075,2136.5
2023-12-24,4741.73203125,37347.25234375,14928.5619140625,7672.080078125,16704.322265625,7573.4359375,1397.706005859375,1.0950406551361085,16541.91640625,10659.937890625,545.489990234375,99.3697998046875,2039.080029296875,24.163000106811523,966.5799926757812,1213.839990234375,3.889899969100952,2217.8
2023-12-31,4774.8400390625,37613.42734375,15062.80185546875,7720.680078125,16728.70234375,7558.1599609375,1397.3800048828125,1.1053335189819335,16736.201953125,10789.2931640625,544.2749938964844,100.65735778808593,2066.8099365234375,24.144600105285644,992.4799926757812,1151.1100219726563,3.9056000232696535,2298.0
2024-01-07,4717.978125,37550.79375,14656.23310546875,7708.77001953125,16655.95,7470.2119140625,1389.7670043945313,1.0982297897338866,16706.8484375,10645.39111328125,536.5,99.6833999633789,2049.3399658203125,23.31659984588623,972.6700073242188,1060.3700073242187,3.843350052833557,2251.3
2024-01-14,4773.512109375,37641.58046875,14922.816015625,7646.3,16669.24609375,7431.14013671875,1385.09599609375,1.0956631183624268,16211.6740234375,10594.205859375,536.1699951171875,98.07288055419922,2027.139990234375,22.921400451660155,923.1199951171875,980.6000122070312,3.769099998474121,2175.35
2024-01-21,4780.168994140625,37487.45078125,15025.02890625,7504.09990234375,16549.6140625,7380.2720703125,1379.0679931640625,1.090702509880066,15611.926171875,10544.97392578125,538.7830078125,96.37341918945313,2022.0099853515626,22.746900177001955,896.2199829101562,935.0400146484375,3.756849980354309,2147.825
2024-01-28,4873.74208984375,37974.44140625,15446.8021484375,7533.18017578125,16813.7359375,7471.0541015625,1403.0179931640625,1.0871836423873902,15675.844140625,10647.833984375,551.7,96.16118011474609,2018.22001953125,22.562999725341797,898.9800048828125,946.3799926757813,3.8305999755859377,2183.7
2024-02-04,4912.67001953125,38425.0640625,15458.5080078125,7633.46005859375,16919.012109375,7631.2080078125,1421.6599853515625,1.0839991331100465,15673.1060546875,10753.637890625,552.2099975585937,97.31895904541015,2038.8399658203125,23.025400161743164,916.8199951171875,971.2800048828125,3.8711999893188476,2217.7
2024-02-11,4983.3240234375,38595.371875,15749.537890625,7618.1599609375,16949.918359375,7630.66796875,1427.8300048828125,1.0766415119171142,15870.683984375,10935.062109375,549.7099975585937,97.98857879638672,2030.17998046875,22.4197998046875,887.3000122070313,910.4400024414062,3.736700010299683,2187.2
2024-02-18,5002.1859375,38579.1015625,15827.8240234375,7592.72001953125,17005.5578125,7700.81201171875,1437.8280029296875,1.0757086753845215,15957.9859375,11105.5298828125,557.1080078125,98.3138198852539,2003.0,22.69739990234375,892.339990234375,915.8200073242188,3.7474999904632567,2188.4
2024-02-25,5024.735791015625,38794.51484375,15790.66123046875,7700.2,17213.717578125,7850.82802734375,1452.3880126953125,1.080391025543213,16475.0056640625,11223.2546875,554.4149841308594,99.72883911132813,2025.5199951171876,22.992700004577635,902.2100036621093,968.3,3.874549984931946,2152.375
2024-03-03,5090.16396484375,39014.8859375,16065.230078125,7660.9599609375,17598.840234375,7938.8419921875,1462.96201171875,1.0831915855407714,16612.65390625,11409.69609375,559.1000122070312,99.36051940917969,2045.619970703125,22.653200149536133,882.8800048828125,939.4199951171875,3.8344000339508058,2149.8
2024-03-10,5119.08193359375,38750.02265625,16107.4259765625,7663.6,17757.728125,7977.6400390625,1479.47197265625,1.0880708694458008,16355.9740234375,11623.1861328125,560.260009765625,98.6661392211914,2147.62001953125,24.104600143432616,905.3199951171875,997.6800048828125,3.8742000579833986,2185.15
2024-03-17,5145.21796875,38887.7796875,16112.87578125,7731.96005859375,17910.28984375,8114.11201171875,1490.62001953125,1.0928156614303588,16889.14609375,11521.8521484375,566.8880004882812,99.58948059082032,2167.719970703125,24.747800064086913,936.0000122070312,1058.360009765625,4.009899997711182,2209.0
2024-03-24,5205.651953125,39334.11796875,16294.062109375,7802.3599609375,18064.098046875,8168.448046875,1506.2139892578125,1.0883878946304322,16634.448046875,11668.1296875,578.5800048828125,100.07128143310547,2163.07998046875,24.90580024719238,904.2599975585938,1006.0800048828125,4.050799989700318,2223.6
2024-03-31,5234.73408203125,39570.105859375,16373.45908203125,7935.9933919270825,18407.588802083334,8185.5051106770825,1523.5599934895833,1.0817196369171143,16539.534765625,11832.90693359375,579.0399963378907,99.91748046875,2197.07001953125,24.705100440979002,904.6400085449219,997.95,4.00475001335144,2266.4
2024-04-07,5202.5240234375,39073.05,16242.46796875,7940.1067057291675,18316.387760416666,8130.288541666667,1525.047989908854,1.0794779300689696,16781.30703125,11787.3177734375,594.4699951171875,99.76898040771485,2281.27998046875,26.448600006103515,925.0800048828125,1003.7400146484375,4.159000015258789,2353.95
2024-04-14,5179.08212890625,38536.06015625,16269.6498046875,7951.77998046875,18075.55234375,8049.683984375,1522.997998046875,1.0804401159286499,16903.36171875,11741.55390625,597.2300048828125,100.20279998779297,2343.160009765625,27.99900016784668,973.1,1052.17998046875,4.270899963378906,2409.0
2024-04-21,5022.7580078125,37809.8328125,15663.4298828125,7881.37998046875,17827.51796875,8000.9798828125,1502.94599609375,1.064208459854126,16342.255859375,11525.49375,591.1719848632813,99.75028076171876,2381.8,28.490400314331055,951.1799926757812,1032.7199951171874,4.39390001296997,2581.8
2024-04-28,5060.23193359375,38306.0109375,15680.071875,8065.55986328125,18033.087890625,8068.5779296875,1512.2920166015624,1.0689229011535644,17095.515625,11725.590234375,593.110009765625,99.21542053222656,2329.8,27.290199279785156,914.7800048828125,997.3000122070313,4.519499969482422,2582.85
2024-05-05,5072.448046875,38201.328125,15848.7341796875,8159.60009765625,17972.5849609375,7974.41796875,1504.8699829101563,1.0708750247955323,18035.6140625,11943.173828125,579.8200073242188,98.71834106445313,2306.979931640625,26.65620002746582,952.1199951171875,952.4000122070313,4.568699932098388,2533.8
2024-05-12,5198.57412109375,39138.7046875,16334.33984375,8349.32001953125,18512.618359375,8122.10400390625,1534.55,1.0761638641357423,18574.60390625,12244.4740234375,577.4800048828125,98.5473403930664,2329.96005859375,27.687999725341797,981.0199951171875,973.5400024414063,4.624600028991699,2516.75
2024-05-19,5275.3240234375,39754.11796875,16605.2203125,8429.5798828125,18754.24609375,8206.212109375,1553.56201171875,1.082721996307373,19268.8060546875,12255.5140625,580.2660034179687,98.99994201660157,2374.07998046875,29.386400604248045,1051.5800170898438,993.5800048828125,4.935300064086914,2516.25
2024-05-26,5301.82197265625,39497.1296875,16817.169140625,8373.5599609375,18712.121875,8125.36796875,1548.1139892578126,1.0845872402191161,19106.01796875,12330.148046875,584.6199829101563,98.4773193359375,2382.4599609375,31.196400451660157,1044.1999755859374,1001.0799926757812,4.9338000297546385,2583.0
2024-06-02,5278.272021484375,38610.684765625,16876.5791015625,8245.9400390625,18584.11953125,8019.33994140625,1537.5739990234374,1.0839725494384767,18487.063671875,12198.49599609375,583.8400024414062,96.88143920898438,2341.0299560546873,31.40190029144287,1044.6499755859375,951.2399963378906,4.758000087738037,2643.85
2024-06-09,5325.7439453125,38754.96171875,17035.97421875,8254.5,18559.9359375,7996.88193359375,1535.910009765625,1.0882252693176269,18423.171875,12215.516015625,563.0800170898438,97.03325958251953,2340.3400390625,30.1318000793457,996.439990234375,916.2199951171875,4.60600004196167,2572.0
2024-06-16,5404.49599609375,38712.78671875,17500.1921875,8180.47998046875,18352.677734375,7751.83603515625,1511.8000244140626,1.0767091274261475,18088.046875,12089.3841796875,575.4300048828125,95.56913909912109,2316.5599609375,29.493999862670897,960.5799926757812,888.2200073242187,4.543900012969971,2474.65
2024-06-23,5475.629931640625,38976.572265625,17784.421875,8209.7599609375,18137.158203125,7614.0958984375,1497.70400390625,1.0728615999221802,18129.180078125,12140.8072265625,580.8330078125,92.90054016113281,2331.0199462890623,29.863899612426756,979.0099853515625,896.2300048828125,4.557099962234497,2429.025
2024-06-30,5467.683984375,39186.81796875,17722.18203125,8219.69990234375,18220.887890625,7597.6919921875,1495.4300048828125,1.0703736543655396,17925.12421875,12078.4619140625,579.0900024414062,93.35142059326172,2319.6,29.077999877929688,999.4200073242188,947.6,4.398899936676026,2434.4
2024-07-07,5528.08291015625,39305.435546875,18143.9302734375,8180.86005859375,18351.0359375,7620.57998046875,1509.683984375,1.0764954805374145,17863.894921875,12052.47421875,586.6250061035156,94.21483917236328,2354.6100341796873,30.31140022277832,1006.4900146484375,1019.5200073242188,4.531050014495849,2461.225
2024-07-14,5596.72607421875,39622.553125,18432.467578125,8200.6,18479.640234375,7612.22197265625,1515.9360107421876,1.083556318283081,17728.934375,12154.469921875,577.6599975585938,94.40970001220703,2383.3,30.879399490356445,999.0800048828125,988.8199951171875,4.582900047302246,2411.0
2024-07-21,5587.2560546875,40663.365625,18115.398046875,8179.20009765625,18414.58203125,7580.92392578125,1499.3639892578126,1.090627384185791,17735.883984375,12374.4919921875,566.535986328125,96.00097961425782,2437.47998046875,30.217399978637694,986.5200073242188,935.1199951171875,4.371399879455566,2309.2
2024-07-28,5481.1201171875,40230.3625,17577.386328125,8198.4,18413.700390625,7535.816015625,1481.497998046875,1.0866097211837769,17291.90234375,12513.3119140625,553.1700073242188,94.27429962158205,2388.360009765625,28.607799911499022,943.6400024414063,899.8400024414062,4.128499984741211,2208.2
2024-08-04,5443.10400390625,40442.25546875,17217.466015625,8278.5802734375,18196.954296875,7414.50400390625,1463.1800048828125,1.0820162773132325,17167.2640625,12606.9720703125,543.2199951171875,92.75644073486328,2413.9,28.284599685668944,964.860009765625,891.4799926757812,4.087100028991699,2161.75
2024-08-11,5257.866015625,39081.68125,16433.6119140625,8102.980078125,17542.350390625,7212.4400390625,1419.6099853515625,1.0926376104354858,16841.123828125,12349.6220703125,536.0900024414062,93.34234161376953,2407.12001953125,27.197800064086913,922.4799926757812,872.6199951171875,3.9715999603271483,2168.45
2024-08-18,5466.30009765625,40070.77265625,17277.4078125,8277.080078125,17985.95234375,7346.59404296875,1452.264013671875,1.0966599941253663,17187.67421875,12773.2021484375,547.397998046875,98.06699981689452,2464.039990234375,27.997199630737306,946.6199829101563,923.039990234375,4.076499938964844,2218.7
2024-08-25,5606.29404296875,40901.96953125,17821.967578125,8305.880078125,18470.9296875,7519.15400390625,1478.1159912109374,1.1102384090423585,17544.951953125,12983.0138671875,535.110009765625,100.71812133789062,2501.7599609375,29.392599868774415,957.5400024414063,927.1400024414063,4.166599941253662,2356.45
2024-09-01,5615.0359375,41296.1140625,17653.33359375,8356.44990234375,18780.121875,7601.14404296875,1490.827978515625,1.114719533920288,17828.248046875,13128.5060546875,542.8400024414062,101.82336120605468,2510.839990234375,29.478400039672852,946.1,957.2400024414062,4.175900077819824,2376.2
2024-09-08,5509.8990234375,40852.6125,17092.8103515625,8271.019921875,18629.641796875,7501.35,1469.1180419921875,1.1070546627044677,17513.146484375,12890.17216796875,522.1799987792969,98.32330017089843,2496.0099365234373,28.197400093078613,913.1699951171875,927.0799926757812,4.046399974822998,2286.7
2024-09-15,5548.4958984375,40983.7625,17311.933984375,8236.9599609375,18451.508203125,7425.99189453125,1456.7080078125,1.1046902418136597,17229.8484375,12926.3658203125,514.8800048828125,99.73645935058593,2531.7400390625,29.11059989929199,964.6400146484375,1007.360009765625,4.103200054168701,2306.3
2024-09-22,5660.42392578125,41763.98203125,17751.15859375,8280.140234375,18758.6140625,7499.4859375,1474.0240234375,1.1123570919036865,17838.091796875,13165.123828125,529.9920043945312,101.97705993652343,2584.6599609375,30.800199890136717,984.239990234375,1087.5400146484376,4.246399879455566,2434.15
2024-09-29,5731.4599609375,42147.1453125,18088.17578125,8283.380078125,19094.78203125,7642.31796875,1489.497998046875,1.115439200401306,19386.730078125,13386.5201171875,535.25,102.87120056152344,2650.219970703125,31.62400016784668,991.9800048828125,1040.080029296875,4.453699970245362,2493.25
2024-10-06,5726.35595703125,42209.5953125,18016.195703125,8273.5400390625,19167.83203125,7561.30986328125,1482.0619873046876,1.1090880632400513,22043.298828125,13563.526171875,546.6400024414063,104.96014099121093,2650.680078125,31.710799407958984,990.960009765625,1000.2800048828125,4.530399990081787,2562.9
2024-10-13,5766.837890625,42372.91796875,18204.6859375,8245.86005859375,19202.04609375,7555.38193359375,1485.91796875,1.096064019203186,21417.6427734375,13663.9841796875,556.2199951171875,105.49820098876953,2628.800048828125,31.00999984741211,966.0200073242188,1038.1400146484375,4.4245000839233395,2528.05
2024-10-20,5844.74404296875,43079.66015625,18409.70390625,8322.8998046875,19533.609765625,7562.56201171875,1486.9780029296876,1.08821382522583,20516.343359375,13908.96796875,538.1599853515625,105.07903900146485,2677.57998046875,31.79500045776367,997.7,1032.4599975585938,4.325600051879883,2528.9
2024-10-27,5824.116015625,42572.03984375,18466.105859375,8280.3,19433.46171875,7513.9259765625,1480.5599853515625,1.0817675590515137,20563.466015625,13770.598046875,542.2599975585938,103.77529907226562,2731.499951171875,33.91080017089844,1022.3599731445313,1108.1599853515625,4.326900005340576,2590.9
2024-11-03,5780.87197265625,42115.5625,18444.587890625,8190.419921875,19319.9078125,7451.1779296875,1464.4260009765626,1.0835858106613159,20500.980078125,13524.64609375,532.4099975585938,105.39907989501953,2755.339990234375,33.44160079956055,1017.6199951171875,1161.660009765625,4.3305998802185055,2573.25
2024-11-10,5878.6259765625,43092.94765625,18831.772265625,8147.280078125,19204.2859375,7382.54794921875,1450.881982421875,1.0842257499694825,20758.880078125,13931.8740234375,542.9700073242187,106.03689880371094,2705.980029296875,31.89599952697754,987.0400024414063,1037.1400146484375,4.355299949645996,2588.5
2024-11-17,5958.10205078125,43871.6296875,19119.730078125,8063.22001953125,19191.971875,7290.42392578125,1442.9320068359375,1.0618044853210449,19791.88203125,14228.108203125,527.5680053710937,103.90941925048828,2585.17998046875,30.53900032043457,944.7599975585938,942.3800048828125,4.104100036621094,2484.2
2024-11-24,5929.151953125,43646.775,18944.2984375,8140.95986328125,19144.6078125,7234.92998046875,1434.6739990234375,1.0550356388092041,19555.273828125,13919.5580078125,541.710009765625,105.96152038574219,2653.580029296875,31.109600067138672,967.6,1025.0000122070312,4.113699913024902,2562.1
2024-12-01,6011.13603515625,44809.187890625,19129.4232421875,8278.719921875,19403.021875,7201.87392578125,1432.15,1.0508166313171388,19340.778125,14143.45009765625,538.2100036621093,112.30466003417969,2636.489990234375,30.35839977264404,935.3400024414062,985.3,4.070349979400635,2562.75
2024-12-08,6069.77998046875,44781.96015625,19636.0015625,8333.2201171875,20185.183984375,7310.601953125,1453.7219970703125,1.053137230873108,19693.071875,14115.30390625,535.589990234375,110.35036163330078,2639.72001953125,31.070199966430664,943.560009765625,978.9599975585937,4.1274001121521,2587.6
2024-12-15,6054.8580078125,44108.09921875,19857.676171875,8309.23984375,20381.294140625,7425.76591796875,1466.7760009765625,1.052690839767456,20249.7421875,13812.133984375,543.7299926757812,107.67327880859375,2687.960009765625,31.804800033569336,940.0799926757812,980.3999877929688,4.201000022888183,2526.9
2024-12-22,5958.9560546875,42935.35,19724.201953125,8169.25986328125,20131.471875,7335.25009765625,1450.7199951171874,1.044753074645996,19766.74609375,13617.6857421875,539.6099975585937,108.3627197265625,2630.63994140625,30.086800003051756,933.6599975585938,920.1399780273438,4.0792999267578125,2469.8
2024-12-29,6012.2708984375,43166.681640625,19912.8291015625,8135.2599609375,19916.544921875,7309.68798828125,1442.8219970703126,1.0412842988967896,20052.126171875,13710.6580078125,540.660009765625,104.6970199584961,2623.5400146484376,29.91490077972412,946.0900085449218,915.1899963378906,4.053549957275391,2513.15
2025-01-05,5894.284912109375,42558.974609375,19398.7890625,8147.0,19938.0205078125,7347.150146484375,1448.4400024414062,1.0417764782905579,20050.6845703125,13503.169921875,548.9249877929688,111.98825073242188,2617.6500244140625,29.023000717163086,898.2000122070312,898.5500183105469,4.015749931335449,2533.5
