Date,Open,High,Low,Close,Volume,Dividends,Stock Splits
2019-12-02 00:00:00-05:00,1806.75,1806.75,1806.75,1806.75,0,0.0,0.0
2019-12-03 00:00:00-05:00,1782.5,1782.5,1782.5,1782.5,0,0.0,0.0
2019-12-04 00:00:00-05:00,1771.5,1771.5,1771.5,1771.5,0,0.0,0.0
2019-12-05 00:00:00-05:00,1764.75,1764.75,1764.75,1764.75,0,0.0,0.0
2019-12-06 00:00:00-05:00,1770.5,1770.5,1770.5,1770.5,0,0.0,0.0
2019-12-09 00:00:00-05:00,1775.5,1775.5,1775.5,1775.5,0,0.0,0.0
2019-12-10 00:00:00-05:00,1772.5,1772.5,1772.5,1772.5,0,0.0,0.0
2019-12-11 00:00:00-05:00,1775.5,1775.5,1775.5,1775.5,0,0.0,0.0
2019-12-12 00:00:00-05:00,1786.75,1786.75,1786.75,1786.75,0,0.0,0.0
2019-12-13 00:00:00-05:00,1777.0,1777.0,1777.0,1777.0,0,0.0,0.0
2019-12-16 00:00:00-05:00,1784.75,1784.75,1784.75,1784.75,0,0.0,0.0
2019-12-17 00:00:00-05:00,1774.25,1774.25,1774.25,1774.25,0,0.0,0.0
2019-12-18 00:00:00-05:00,1788.75,1788.75,1788.75,1788.75,0,0.0,0.0
2019-12-19 00:00:00-05:00,1807.25,1807.25,1807.25,1807.25,0,0.0,0.0
2019-12-20 00:00:00-05:00,1808.25,1808.25,1808.25,1808.25,0,0.0,0.0
2019-12-23 00:00:00-05:00,1818.25,1818.25,1818.25,1818.25,0,0.0,0.0
2019-12-24 00:00:00-05:00,1823.0,1823.0,1823.0,1823.0,0,0.0,0.0
2019-12-26 00:00:00-05:00,1823.0,1823.0,1823.0,1823.0,0,0.0,0.0
2019-12-27 00:00:00-05:00,1835.5,1835.5,1835.5,1835.5,0,0.0,0.0
2019-12-30 00:00:00-05:00,1834.0,1845.0,1834.0,1834.0,3,0.0,0.0
2019-12-31 00:00:00-05:00,1824.5,1824.5,1824.5,1824.5,0,0.0,0.0
2020-01-02 00:00:00-05:00,1812.5,1812.5,1812.5,1812.5,0,0.0,0.0
2020-01-03 00:00:00-05:00,1830.0,1830.0,1830.0,1830.0,0,0.0,0.0
2020-01-06 00:00:00-05:00,1842.0,1842.0,1842.0,1842.0,4,0.0,0.0
2020-01-07 00:00:00-05:00,1822.0,1822.0,1822.0,1822.0,3,0.0,0.0
2020-01-08 00:00:00-05:00,1802.75,1802.75,1802.75,1802.75,0,0.0,0.0
2020-01-09 00:00:00-05:00,1803.5,1803.5,1803.5,1803.5,0,0.0,0.0
2020-01-10 00:00:00-05:00,1811.5,1811.5,1811.5,1811.5,0,0.0,0.0
2020-01-13 00:00:00-05:00,1798.0,1798.0,1798.0,1798.0,0,0.0,0.0
2020-01-14 00:00:00-05:00,1809.0,1809.0,1809.0,1809.0,0,0.0,0.0
2020-01-15 00:00:00-05:00,1800.25,1800.25,1800.25,1800.25,0,0.0,0.0
2020-01-16 00:00:00-05:00,1811.0,1811.0,1811.0,1811.0,0,0.0,0.0
2020-01-17 00:00:00-05:00,1809.25,1809.25,1809.25,1809.25,0,0.0,0.0
2020-01-21 00:00:00-05:00,1827.0,1827.0,1827.0,1827.0,0,0.0,0.0
2020-01-22 00:00:00-05:00,1814.0,1814.0,1814.0,1814.0,0,0.0,0.0
2020-01-23 00:00:00-05:00,1792.5,1792.5,1792.5,1792.5,0,0.0,0.0
2020-01-24 00:00:00-05:00,1786.0,1786.0,1786.0,1786.0,0,0.0,0.0
2020-01-27 00:00:00-05:00,1769.75,1769.75,1769.75,1769.75,0,0.0,0.0
2020-01-28 00:00:00-05:00,1764.5,1764.5,1764.5,1764.5,0,0.0,0.0
2020-01-29 00:00:00-05:00,1743.0,1743.0,1743.0,1743.0,0,0.0,0.0
2020-01-30 00:00:00-05:00,1751.75,1751.75,1751.75,1751.75,0,0.0,0.0
2020-01-31 00:00:00-05:00,1741.75,1741.75,1741.75,1741.75,0,0.0,0.0
2020-02-03 00:00:00-05:00,1706.75,1706.75,1706.75,1706.75,0,0.0,0.0
2020-02-04 00:00:00-05:00,1712.0,1712.0,1712.0,1712.0,0,0.0,0.0
2020-02-05 00:00:00-05:00,1728.0,1728.0,1728.0,1728.0,0,0.0,0.0
2020-02-06 00:00:00-05:00,1757.0,1757.0,1757.0,1757.0,0,0.0,0.0
2020-02-07 00:00:00-05:00,1737.0,1737.0,1737.0,1737.0,0,0.0,0.0
2020-02-10 00:00:00-05:00,1724.5,1724.5,1724.5,1724.5,0,0.0,0.0
2020-02-11 00:00:00-05:00,1749.75,1749.75,1749.75,1749.75,0,0.0,0.0
2020-02-12 00:00:00-05:00,1749.0,1749.0,1749.0,1749.0,0,0.0,0.0
2020-02-13 00:00:00-05:00,1754.75,1754.75,1754.75,1754.75,0,0.0,0.0
2020-02-14 00:00:00-05:00,1739.5,1739.5,1739.5,1739.5,9,0.0,0.0
2020-02-18 00:00:00-05:00,1718.75,1718.75,1718.75,1718.75,0,0.0,0.0
2020-02-19 00:00:00-05:00,1718.75,1718.75,1718.75,1718.75,0,0.0,0.0
2020-02-20 00:00:00-05:00,1709.5,1709.5,1709.5,1709.5,0,0.0,0.0
2020-02-21 00:00:00-05:00,1704.0,1704.0,1704.0,1704.0,0,0.0,0.0
2020-02-24 00:00:00-05:00,1693.25,1693.25,1693.25,1693.25,0,0.0,0.0
2020-02-25 00:00:00-05:00,1697.5,1697.5,1697.5,1697.5,0,0.0,0.0
2020-02-26 00:00:00-05:00,1684.5,1684.5,1684.5,1684.5,0,0.0,0.0
2020-02-27 00:00:00-05:00,1683.75,1683.75,1683.75,1683.75,0,0.0,0.0
2020-02-28 00:00:00-05:00,1682.0,1685.0,1682.0,1684.0,12,0.0,0.0
2020-03-02 00:00:00-05:00,1708.0,1708.0,1708.0,1708.0,0,0.0,0.0
2020-03-03 00:00:00-05:00,1717.25,1717.25,1717.25,1717.25,0,0.0,0.0
2020-03-04 00:00:00-05:00,1721.0,1721.25,1721.0,1721.25,8,0.0,0.0
2020-03-05 00:00:00-05:00,1709.25,1709.25,1709.25,1709.25,0,0.0,0.0
2020-03-06 00:00:00-05:00,1675.25,1675.25,1675.25,1675.25,0,0.0,0.0
2020-03-09 00:00:00-04:00,1660.75,1660.75,1660.75,1660.75,0,0.0,0.0
2020-03-10 00:00:00-04:00,1686.0,1686.0,1686.0,1686.0,0,0.0,0.0
2020-03-11 00:00:00-04:00,1681.0,1681.0,1681.0,1681.0,0,0.0,0.0
2020-03-12 00:00:00-04:00,1655.5,1655.5,1655.5,1655.5,0,0.0,0.0
2020-03-13 00:00:00-04:00,1668.0,1668.0,1668.0,1668.0,0,0.0,0.0
2020-03-16 00:00:00-04:00,1677.75,1677.75,1677.75,1677.75,0,0.0,0.0
2020-03-17 00:00:00-04:00,1653.0,1653.0,1653.0,1653.0,0,0.0,0.0
2020-03-18 00:00:00-04:00,1631.5,1631.5,1631.5,1631.5,0,0.0,0.0
2020-03-19 00:00:00-04:00,1625.5,1625.5,1625.5,1625.5,0,0.0,0.0
2020-03-20 00:00:00-04:00,1588.25,1588.25,1588.25,1588.25,0,0.0,0.0
2020-03-23 00:00:00-04:00,1559.0,1559.0,1559.0,1559.0,0,0.0,0.0
2020-03-24 00:00:00-04:00,1559.25,1559.25,1559.25,1559.25,0,0.0,0.0
2020-03-25 00:00:00-04:00,1547.5,1547.5,1547.5,1547.5,0,0.0,0.0
2020-03-26 00:00:00-04:00,1530.75,1530.75,1530.75,1530.75,0,0.0,0.0
2020-03-27 00:00:00-04:00,1539.0,1539.0,1539.0,1539.0,0,0.0,0.0
2020-03-30 00:00:00-04:00,1530.0,1530.0,1520.0,1530.0,2,0.0,0.0
2020-03-31 00:00:00-04:00,1512.0,1512.0,1512.0,1512.0,0,0.0,0.0
2020-04-01 00:00:00-04:00,1485.0,1488.75,1485.0,1488.75,5,0.0,0.0
2020-04-02 00:00:00-04:00,1492.5,1492.5,1490.0,1492.5,10,0.0,0.0
2020-04-03 00:00:00-04:00,1475.0,1478.0,1475.0,1478.0,20,0.0,0.0
2020-04-06 00:00:00-04:00,1457.5,1457.5,1457.5,1457.5,0,0.0,0.0
2020-04-07 00:00:00-04:00,1473.0,1473.0,1473.0,1473.0,0,0.0,0.0
2020-04-08 00:00:00-04:00,1456.0,1456.0,1452.0,1452.0,23,0.0,0.0
2020-04-09 00:00:00-04:00,1460.25,1460.25,1460.25,1460.25,0,0.0,0.0
2020-04-13 00:00:00-04:00,1460.25,1460.25,1460.25,1460.25,0,0.0,0.0
2020-04-14 00:00:00-04:00,1475.0,1475.0,1475.0,1475.0,0,0.0,0.0
2020-04-15 00:00:00-04:00,1475.25,1475.25,1475.25,1475.25,0,0.0,0.0
2020-04-16 00:00:00-04:00,1499.5,1499.5,1499.5,1499.5,0,0.0,0.0
2020-04-17 00:00:00-04:00,1502.5,1502.5,1502.5,1502.5,0,0.0,0.0
2020-04-20 00:00:00-04:00,1491.0,1491.0,1491.0,1491.0,0,0.0,0.0
2020-04-21 00:00:00-04:00,1484.0,1484.0,1484.0,1484.0,0,0.0,0.0
2020-04-22 00:00:00-04:00,1510.0,1510.0,1510.0,1510.0,0,0.0,0.0
2020-04-23 00:00:00-04:00,1501.25,1501.25,1501.25,1501.25,0,0.0,0.0
2020-04-24 00:00:00-04:00,1499.5,1499.5,1499.5,1499.5,0,0.0,0.0
2020-04-27 00:00:00-04:00,1497.25,1497.25,1497.25,1497.25,0,0.0,0.0
2020-04-28 00:00:00-04:00,1492.0,1492.0,1492.0,1492.0,0,0.0,0.0
2020-04-29 00:00:00-04:00,1502.5,1502.5,1502.5,1502.5,0,0.0,0.0
2020-04-30 00:00:00-04:00,1491.25,1491.25,1491.25,1491.25,0,0.0,0.0
2020-05-01 00:00:00-04:00,1489.5,1489.5,1489.5,1489.5,0,0.0,0.0
2020-05-04 00:00:00-04:00,1479.0,1479.0,1479.0,1479.0,0,0.0,0.0
2020-05-05 00:00:00-04:00,1482.25,1482.25,1482.25,1482.25,0,0.0,0.0
2020-05-06 00:00:00-04:00,1477.75,1477.75,1477.75,1477.75,0,0.0,0.0
2020-05-07 00:00:00-04:00,1479.25,1479.25,1479.25,1479.25,0,0.0,0.0
2020-05-08 00:00:00-04:00,1479.25,1479.25,1479.25,1479.25,0,0.0,0.0
2020-05-11 00:00:00-04:00,1482.75,1482.75,1482.75,1482.75,0,0.0,0.0
2020-05-12 00:00:00-04:00,1469.75,1469.75,1469.75,1469.75,0,0.0,0.0
2020-05-13 00:00:00-04:00,1467.5,1467.5,1467.5,1467.5,0,0.0,0.0
2020-05-14 00:00:00-04:00,1467.5,1467.5,1467.5,1467.5,0,0.0,0.0
2020-05-15 00:00:00-04:00,1467.5,1467.5,1467.5,1467.5,0,0.0,0.0
2020-05-18 00:00:00-04:00,1481.25,1481.25,1481.25,1481.25,0,0.0,0.0
2020-05-19 00:00:00-04:00,1478.5,1478.5,1478.5,1478.5,0,0.0,0.0
2020-05-20 00:00:00-04:00,1498.75,1498.75,1498.75,1498.75,0,0.0,0.0
2020-05-21 00:00:00-04:00,1506.75,1506.75,1506.75,1506.75,0,0.0,0.0
2020-05-22 00:00:00-04:00,1489.75,1489.75,1489.75,1489.75,0,0.0,0.0
2020-05-26 00:00:00-04:00,1502.75,1502.75,1502.75,1502.75,0,0.0,0.0
2020-05-27 00:00:00-04:00,1513.0,1513.0,1513.0,1513.0,0,0.0,0.0
2020-05-28 00:00:00-04:00,1530.75,1530.75,1530.75,1530.75,0,0.0,0.0
2020-05-29 00:00:00-04:00,1532.25,1532.25,1532.25,1532.25,0,0.0,0.0
2020-06-01 00:00:00-04:00,1535.75,1535.75,1535.75,1535.75,0,0.0,0.0
2020-06-02 00:00:00-04:00,1557.25,1557.25,1557.25,1557.25,0,0.0,0.0
2020-06-03 00:00:00-04:00,1572.5,1572.5,1572.5,1572.5,0,0.0,0.0
2020-06-04 00:00:00-04:00,1569.25,1569.25,1569.25,1569.25,0,0.0,0.0
2020-06-05 00:00:00-04:00,1596.75,1596.75,1596.75,1596.75,0,0.0,0.0
2020-06-08 00:00:00-04:00,1617.5,1617.5,1617.5,1617.5,0,0.0,0.0
2020-06-09 00:00:00-04:00,1613.0,1613.0,1613.0,1613.0,0,0.0,0.0
2020-06-10 00:00:00-04:00,1633.0,1633.0,1633.0,1633.0,5,0.0,0.0
2020-06-11 00:00:00-04:00,1604.0,1604.0,1604.0,1604.0,0,0.0,0.0
2020-06-12 00:00:00-04:00,1604.0,1604.0,1604.0,1604.0,0,0.0,0.0
2020-06-15 00:00:00-04:00,1572.0,1572.0,1572.0,1572.0,0,0.0,0.0
2020-06-16 00:00:00-04:00,1593.5,1593.5,1593.5,1593.5,0,0.0,0.0
2020-06-17 00:00:00-04:00,1602.25,1602.25,1602.25,1602.25,0,0.0,0.0
2020-06-18 00:00:00-04:00,1607.75,1607.75,1607.75,1607.75,0,0.0,0.0
2020-06-19 00:00:00-04:00,1585.5,1585.5,1585.5,1585.5,0,0.0,0.0
2020-06-22 00:00:00-04:00,1595.25,1595.25,1595.25,1595.25,0,0.0,0.0
2020-06-23 00:00:00-04:00,1586.0,1586.0,1586.0,1586.0,0,0.0,0.0
2020-06-24 00:00:00-04:00,1567.25,1567.25,1567.25,1567.25,0,0.0,0.0
2020-06-25 00:00:00-04:00,1563.25,1563.25,1563.25,1563.25,0,0.0,0.0
2020-06-26 00:00:00-04:00,1588.5,1588.5,1588.5,1588.5,0,0.0,0.0
2020-06-29 00:00:00-04:00,1597.75,1597.75,1597.75,1597.75,0,0.0,0.0
2020-06-30 00:00:00-04:00,1617.5,1617.5,1617.5,1617.5,0,0.0,0.0
2020-07-01 00:00:00-04:00,1619.75,1619.75,1619.75,1619.75,0,0.0,0.0
2020-07-02 00:00:00-04:00,1617.75,1617.75,1617.75,1617.75,0,0.0,0.0
2020-07-06 00:00:00-04:00,1618.25,1618.25,1618.25,1618.25,0,0.0,0.0
2020-07-07 00:00:00-04:00,1609.75,1609.75,1609.75,1609.75,12,0.0,0.0
2020-07-08 00:00:00-04:00,1642.5,1642.5,1642.5,1642.5,0,0.0,0.0
2020-07-09 00:00:00-04:00,1635.75,1635.75,1635.75,1635.75,0,0.0,0.0
2020-07-10 00:00:00-04:00,1654.5,1654.5,1654.5,1654.5,0,0.0,0.0
2020-07-13 00:00:00-04:00,1653.75,1653.75,1653.75,1653.75,0,0.0,0.0
2020-07-14 00:00:00-04:00,1637.5,1637.5,1637.5,1637.5,0,0.0,0.0
2020-07-15 00:00:00-04:00,1621.25,1621.25,1621.25,1621.25,0,0.0,0.0
2020-07-16 00:00:00-04:00,1629.75,1629.75,1629.75,1629.75,0,0.0,0.0
2020-07-17 00:00:00-04:00,1632.0,1632.0,1632.0,1632.0,0,0.0,0.0
2020-07-20 00:00:00-04:00,1635.5,1635.5,1635.5,1635.5,0,0.0,0.0
2020-07-21 00:00:00-04:00,1654.5,1654.5,1654.5,1654.5,0,0.0,0.0
2020-07-22 00:00:00-04:00,1651.75,1651.75,1651.75,1651.75,0,0.0,0.0
2020-07-23 00:00:00-04:00,1661.25,1661.25,1661.25,1661.25,0,0.0,0.0
2020-07-24 00:00:00-04:00,1660.25,1660.25,1660.25,1660.25,0,0.0,0.0
2020-07-27 00:00:00-04:00,1668.5,1668.5,1668.5,1668.5,0,0.0,0.0
2020-07-28 00:00:00-04:00,1688.75,1688.75,1688.75,1688.75,0,0.0,0.0
2020-07-29 00:00:00-04:00,1688.25,1688.25,1688.25,1688.25,0,0.0,0.0
2020-07-30 00:00:00-04:00,1690.0,1690.0,1690.0,1690.0,0,0.0,0.0
2020-07-31 00:00:00-04:00,1693.0,1693.0,1693.0,1693.0,0,0.0,0.0
2020-08-03 00:00:00-04:00,1732.5,1732.5,1732.5,1732.5,0,0.0,0.0
2020-08-04 00:00:00-04:00,1759.5,1759.5,1759.5,1759.5,0,0.0,0.0
2020-08-05 00:00:00-04:00,1752.0,1752.0,1752.0,1752.0,0,0.0,0.0
2020-08-06 00:00:00-04:00,1759.0,1759.0,1759.0,1759.0,0,0.0,0.0
2020-08-07 00:00:00-04:00,1753.25,1753.25,1753.25,1753.25,0,0.0,0.0
2020-08-10 00:00:00-04:00,1764.75,1764.75,1764.75,1764.75,0,0.0,0.0
2020-08-11 00:00:00-04:00,1765.75,1765.75,1765.75,1765.75,0,0.0,0.0
2020-08-12 00:00:00-04:00,1761.5,1761.5,1761.5,1761.5,0,0.0,0.0
2020-08-13 00:00:00-04:00,1732.75,1732.75,1732.75,1732.75,0,0.0,0.0
2020-08-14 00:00:00-04:00,1704.75,1704.75,1704.75,1704.75,0,0.0,0.0
2020-08-17 00:00:00-04:00,1721.75,1721.75,1721.75,1721.75,0,0.0,0.0
2020-08-18 00:00:00-04:00,1749.0,1749.0,1749.0,1749.0,0,0.0,0.0
2020-08-19 00:00:00-04:00,1772.75,1772.75,1772.75,1772.75,0,0.0,0.0
2020-08-20 00:00:00-04:00,1768.75,1768.75,1768.75,1768.75,0,0.0,0.0
2020-08-21 00:00:00-04:00,1746.0,1746.0,1746.0,1746.0,0,0.0,0.0
2020-08-24 00:00:00-04:00,1741.0,1741.0,1741.0,1741.0,0,0.0,0.0
2020-08-25 00:00:00-04:00,1745.5,1745.5,1745.5,1745.5,0,0.0,0.0
2020-08-26 00:00:00-04:00,1744.75,1744.75,1744.75,1744.75,0,0.0,0.0
2020-08-27 00:00:00-04:00,1746.25,1746.25,1746.25,1746.25,0,0.0,0.0
2020-08-28 00:00:00-04:00,1777.25,1777.25,1777.25,1777.25,0,0.0,0.0
2020-08-31 00:00:00-04:00,1777.25,1777.25,1777.25,1777.25,0,0.0,0.0
2020-09-01 00:00:00-04:00,1793.0,1793.0,1793.0,1793.0,6,0.0,0.0
2020-09-02 00:00:00-04:00,1770.25,1770.25,1770.25,1770.25,6,0.0,0.0
2020-09-03 00:00:00-04:00,1762.5,1762.5,1762.5,1762.5,6,0.0,0.0
2020-09-04 00:00:00-04:00,1769.25,1769.25,1769.25,1769.25,6,0.0,0.0
2020-09-08 00:00:00-04:00,1781.5,1781.5,1781.5,1781.5,6,0.0,0.0
2020-09-09 00:00:00-04:00,1766.0,1766.0,1766.0,1766.0,6,0.0,0.0
2020-09-10 00:00:00-04:00,1775.5,1775.5,1775.5,1775.5,6,0.0,0.0
2020-09-11 00:00:00-04:00,1764.5,1764.5,1764.5,1764.5,6,0.0,0.0
2020-09-14 00:00:00-04:00,1786.5,1786.5,1786.5,1786.5,6,0.0,0.0
2020-09-15 00:00:00-04:00,1773.0,1773.0,1773.0,1773.0,6,0.0,0.0
2020-09-16 00:00:00-04:00,1774.25,1774.25,1774.25,1774.25,6,0.0,0.0
2020-09-17 00:00:00-04:00,1758.75,1758.75,1758.75,1758.75,6,0.0,0.0
2020-09-18 00:00:00-04:00,1771.75,1771.75,1771.75,1771.75,6,0.0,0.0
2020-09-21 00:00:00-04:00,1758.5,1758.5,1758.5,1758.5,6,0.0,0.0
2020-09-22 00:00:00-04:00,1761.25,1761.25,1761.25,1761.25,6,0.0,0.0
2020-09-23 00:00:00-04:00,1744.75,1744.75,1744.75,1744.75,6,0.0,0.0
2020-09-24 00:00:00-04:00,1732.75,1732.75,1732.75,1732.75,6,0.0,0.0
2020-09-25 00:00:00-04:00,1743.75,1743.75,1743.75,1743.75,6,0.0,0.0
2020-09-28 00:00:00-04:00,1768.75,1768.75,1768.75,1768.75,0,0.0,0.0
2020-09-29 00:00:00-04:00,1786.5,1786.5,1786.5,1786.5,0,0.0,0.0
2020-09-30 00:00:00-04:00,1778.5,1778.5,1778.5,1778.5,0,0.0,0.0
2020-10-01 00:00:00-04:00,1743.0,1743.0,1743.0,1743.0,0,0.0,0.0
2020-10-02 00:00:00-04:00,1781.0,1781.0,1781.0,1781.0,0,0.0,0.0
2020-10-05 00:00:00-04:00,1783.5,1783.5,1783.5,1783.5,0,0.0,0.0
2020-10-06 00:00:00-04:00,1779.0,1779.0,1779.0,1779.0,0,0.0,0.0
2020-10-07 00:00:00-04:00,1800.5,1800.5,1800.5,1800.5,0,0.0,0.0
2020-10-08 00:00:00-04:00,1826.5,1826.5,1826.5,1826.5,0,0.0,0.0
2020-10-09 00:00:00-04:00,1870.5,1870.5,1870.5,1870.5,0,0.0,0.0
2020-10-12 00:00:00-04:00,1875.75,1875.75,1875.75,1875.75,0,0.0,0.0
2020-10-13 00:00:00-04:00,1866.75,1866.75,1866.75,1866.75,0,0.0,0.0
2020-10-14 00:00:00-04:00,1859.75,1859.75,1859.75,1859.75,0,0.0,0.0
2020-10-15 00:00:00-04:00,1861.5,1861.5,1861.5,1861.5,0,0.0,0.0
2020-10-16 00:00:00-04:00,1871.75,1871.75,1871.75,1871.75,0,0.0,0.0
2020-10-19 00:00:00-04:00,1858.0,1858.0,1858.0,1858.0,0,0.0,0.0
2020-10-20 00:00:00-04:00,1841.0,1841.0,1841.0,1841.0,0,0.0,0.0
2020-10-21 00:00:00-04:00,1851.5,1851.5,1851.5,1851.5,0,0.0,0.0
2020-10-22 00:00:00-04:00,1845.25,1845.25,1845.25,1845.25,0,0.0,0.0
2020-10-23 00:00:00-04:00,1845.5,1845.5,1845.5,1845.5,0,0.0,0.0
2020-10-26 00:00:00-04:00,1831.25,1831.25,1831.25,1831.25,0,0.0,0.0
2020-10-27 00:00:00-04:00,1825.0,1825.0,1825.0,1825.0,0,0.0,0.0
2020-10-28 00:00:00-04:00,1811.5,1811.5,1811.5,1811.5,0,0.0,0.0
2020-10-29 00:00:00-04:00,1801.25,1801.25,1801.25,1801.25,0,0.0,0.0
2020-10-30 00:00:00-04:00,1830.25,1830.25,1830.25,1830.25,0,0.0,0.0
2020-11-02 00:00:00-05:00,1873.25,1873.25,1873.25,1873.25,0,0.0,0.0
2020-11-03 00:00:00-05:00,1901.75,1901.75,1901.75,1901.75,0,0.0,0.0
2020-11-04 00:00:00-05:00,1908.75,1908.75,1908.75,1908.75,0,0.0,0.0
2020-11-05 00:00:00-05:00,1895.5,1895.5,1895.5,1895.5,0,0.0,0.0
2020-11-06 00:00:00-05:00,1905.25,1905.25,1905.25,1905.25,0,0.0,0.0
2020-11-09 00:00:00-05:00,1900.25,1900.25,1900.25,1900.25,0,0.0,0.0
2020-11-10 00:00:00-05:00,1905.5,1905.5,1905.5,1905.5,0,0.0,0.0
2020-11-11 00:00:00-05:00,1909.75,1909.75,1909.75,1909.75,0,0.0,0.0
2020-11-12 00:00:00-05:00,1916.5,1916.5,1916.5,1916.5,0,0.0,0.0
2020-11-13 00:00:00-05:00,1922.5,1922.5,1922.5,1922.5,0,0.0,0.0
2020-11-16 00:00:00-05:00,1945.75,1945.75,1945.75,1945.75,0,0.0,0.0
2020-11-17 00:00:00-05:00,1967.5,1967.5,1967.5,1967.5,0,0.0,0.0
2020-11-18 00:00:00-05:00,1984.25,1984.25,1984.25,1984.25,0,0.0,0.0
2020-11-19 00:00:00-05:00,1971.0,1971.0,1971.0,1971.0,0,0.0,0.0
2020-11-20 00:00:00-05:00,1971.75,1971.75,1971.75,1971.75,0,0.0,0.0
2020-11-23 00:00:00-05:00,1947.5,1947.5,1947.5,1947.5,0,0.0,0.0
2020-11-24 00:00:00-05:00,1960.0,1960.0,1960.0,1960.0,0,0.0,0.0
2020-11-25 00:00:00-05:00,1948.75,1948.75,1948.75,1948.75,0,0.0,0.0
2020-11-27 00:00:00-05:00,1977.75,1977.75,1977.75,1977.75,0,0.0,0.0
2020-11-30 00:00:00-05:00,2029.75,2029.75,2029.75,2029.75,0,0.0,0.0
2020-12-01 00:00:00-05:00,2052.75,2052.75,2052.75,2052.75,0,0.0,0.0
2020-12-02 00:00:00-05:00,2058.5,2058.5,2058.5,2058.5,0,0.0,0.0
2020-12-03 00:00:00-05:00,2023.75,2023.75,2023.75,2023.75,0,0.0,0.0
2020-12-04 00:00:00-05:00,2043.5,2043.5,2043.5,2043.5,0,0.0,0.0
2020-12-07 00:00:00-05:00,2017.75,2017.75,2017.75,2017.75,0,0.0,0.0
2020-12-08 00:00:00-05:00,1991.75,1991.75,1991.75,1991.75,0,0.0,0.0
2020-12-09 00:00:00-05:00,2038.25,2038.25,2038.25,2038.25,0,0.0,0.0
2020-12-10 00:00:00-05:00,2054.75,2054.75,2054.75,2054.75,0,0.0,0.0
2020-12-11 00:00:00-05:00,2018.0,2018.0,2018.0,2018.0,0,0.0,0.0
2020-12-14 00:00:00-05:00,2050.0,2050.0,2050.0,2050.0,0,0.0,0.0
2020-12-15 00:00:00-05:00,2025.0,2025.0,2025.0,2025.0,0,0.0,0.0
2020-12-16 00:00:00-05:00,2044.25,2044.25,2044.25,2044.25,0,0.0,0.0
2020-12-17 00:00:00-05:00,2061.0,2061.0,2061.0,2061.0,0,0.0,0.0
2020-12-18 00:00:00-05:00,2071.25,2071.25,2071.25,2071.25,0,0.0,0.0
2020-12-21 00:00:00-05:00,2035.25,2035.25,2035.25,2035.25,0,0.0,0.0
2020-12-22 00:00:00-05:00,2007.5,2007.5,2007.5,2007.5,0,0.0,0.0
2020-12-23 00:00:00-05:00,2022.75,2022.75,2022.75,2022.75,0,0.0,0.0
2020-12-24 00:00:00-05:00,2022.75,2022.75,2022.75,2022.75,0,0.0,0.0
2020-12-28 00:00:00-05:00,2022.75,2022.75,2022.75,2022.75,0,0.0,0.0
2020-12-29 00:00:00-05:00,2002.25,2002.25,2002.25,2002.25,0,0.0,0.0
2020-12-30 00:00:00-05:00,2024.5,2024.5,2024.5,2024.5,0,0.0,0.0
2020-12-31 00:00:00-05:00,1990.0,1990.0,1990.0,1990.0,0,0.0,0.0
2021-01-04 00:00:00-05:00,2023.25,2023.25,2023.25,2023.25,0,0.0,0.0
2021-01-05 00:00:00-05:00,2042.0,2055.0,2042.0,2050.0,20,0.0,0.0
2021-01-06 00:00:00-05:00,2038.0,2038.0,2038.0,2038.0,0,0.0,0.0
2021-01-07 00:00:00-05:00,2039.25,2039.25,2039.25,2039.25,0,0.0,0.0
2021-01-08 00:00:00-05:00,2022.25,2022.25,2022.25,2022.25,0,0.0,0.0
2021-01-11 00:00:00-05:00,2000.75,2000.75,2000.75,2000.75,0,0.0,0.0
2021-01-12 00:00:00-05:00,2015.5,2015.5,2015.5,2015.5,0,0.0,0.0
2021-01-13 00:00:00-05:00,2007.5,2007.5,2007.5,2007.5,0,0.0,0.0
2021-01-14 00:00:00-05:00,1997.75,1997.75,1997.75,1997.75,10,0.0,0.0
2021-01-15 00:00:00-05:00,1973.25,1973.25,1973.25,1973.25,0,0.0,0.0
2021-01-19 00:00:00-05:00,1953.25,1953.25,1953.25,1953.25,0,0.0,0.0
2021-01-20 00:00:00-05:00,1929.5,1929.5,1929.5,1929.5,0,0.0,0.0
2021-01-21 00:00:00-05:00,2000.25,2000.25,2000.25,2000.25,0,0.0,0.0
2021-01-22 00:00:00-05:00,1993.5,1993.5,1993.5,1993.5,0,0.0,0.0
2021-01-25 00:00:00-05:00,2015.5,2015.5,2015.5,2015.5,0,0.0,0.0
2021-01-26 00:00:00-05:00,2020.25,2020.25,2020.25,2020.25,0,0.0,0.0
2021-01-27 00:00:00-05:00,1996.25,1996.25,1996.25,1996.25,5,0.0,0.0
2021-01-28 00:00:00-05:00,1984.75,1984.75,1984.75,1984.75,0,0.0,0.0
2021-01-29 00:00:00-05:00,1982.0,1982.0,1982.0,1982.0,0,0.0,0.0
2021-02-01 00:00:00-05:00,1963.0,1963.0,1963.0,1963.0,0,0.0,0.0
2021-02-02 00:00:00-05:00,1966.5,1966.5,1966.5,1966.5,0,0.0,0.0
2021-02-03 00:00:00-05:00,1973.25,1973.25,1973.25,1973.25,0,0.0,0.0
2021-02-04 00:00:00-05:00,1994.0,1994.0,1994.0,1994.0,0,0.0,0.0
2021-02-05 00:00:00-05:00,2018.75,2018.75,2018.75,2018.75,0,0.0,0.0
2021-02-08 00:00:00-05:00,2035.5,2035.5,2035.5,2035.5,0,0.0,0.0
2021-02-09 00:00:00-05:00,2063.5,2063.5,2063.5,2063.5,0,0.0,0.0
2021-02-10 00:00:00-05:00,2080.75,2080.75,2080.75,2080.75,0,0.0,0.0
2021-02-11 00:00:00-05:00,2084.0,2084.0,2084.0,2084.0,0,0.0,0.0
2021-02-12 00:00:00-05:00,2091.75,2091.75,2091.75,2091.75,0,0.0,0.0
2021-02-16 00:00:00-05:00,2083.0,2083.0,2083.0,2083.0,0,0.0,0.0
2021-02-17 00:00:00-05:00,2116.25,2116.25,2116.25,2116.25,0,0.0,0.0
2021-02-18 00:00:00-05:00,2141.5,2141.5,2141.5,2141.5,0,0.0,0.0
2021-02-19 00:00:00-05:00,2132.0,2132.0,2132.0,2132.0,0,0.0,0.0
2021-02-22 00:00:00-05:00,2167.0,2167.0,2167.0,2167.0,0,0.0,0.0
2021-02-23 00:00:00-05:00,2156.25,2156.25,2156.25,2156.25,0,0.0,0.0
2021-02-24 00:00:00-05:00,2189.75,2189.75,2189.75,2189.75,0,0.0,0.0
2021-02-25 00:00:00-05:00,2253.25,2253.25,2253.25,2253.25,0,0.0,0.0
2021-02-26 00:00:00-05:00,2182.5,2182.5,2182.5,2182.5,0,0.0,0.0
2021-03-01 00:00:00-05:00,2146.25,2146.25,2146.25,2146.25,0,0.0,0.0
2021-03-02 00:00:00-05:00,2231.25,2231.25,2231.25,2231.25,0,0.0,0.0
2021-03-03 00:00:00-05:00,2221.0,2221.0,2221.0,2221.0,0,0.0,0.0
2021-03-04 00:00:00-05:00,2186.0,2186.0,2186.0,2186.0,0,0.0,0.0
2021-03-05 00:00:00-05:00,2194.75,2194.75,2194.75,2194.75,0,0.0,0.0
2021-03-08 00:00:00-05:00,2190.5,2190.5,2190.5,2190.5,0,0.0,0.0
2021-03-09 00:00:00-05:00,2185.0,2185.0,2185.0,2185.0,0,0.0,0.0
2021-03-10 00:00:00-05:00,2187.25,2187.25,2187.25,2187.25,0,0.0,0.0
2021-03-11 00:00:00-05:00,2195.75,2195.75,2195.75,2195.75,0,0.0,0.0
2021-03-12 00:00:00-05:00,2187.5,2187.5,2187.5,2187.5,0,0.0,0.0
2021-03-15 00:00:00-04:00,2233.5,2233.5,2233.5,2233.5,0,0.0,0.0
2021-03-16 00:00:00-04:00,2211.5,2211.5,2211.5,2211.5,0,0.0,0.0
2021-03-17 00:00:00-04:00,2249.5,2249.5,2249.5,2249.5,0,0.0,0.0
2021-03-18 00:00:00-04:00,2232.5,2232.5,2232.5,2232.5,0,0.0,0.0
2021-03-19 00:00:00-04:00,2256.25,2256.25,2256.25,2256.25,0,0.0,0.0
2021-03-22 00:00:00-04:00,2283.5,2283.5,2283.5,2283.5,0,0.0,0.0
2021-03-23 00:00:00-04:00,2240.0,2240.0,2240.0,2240.0,0,0.0,0.0
2021-03-24 00:00:00-04:00,2248.5,2248.5,2248.5,2248.5,0,0.0,0.0
2021-03-25 00:00:00-04:00,2247.25,2247.25,2247.25,2247.25,0,0.0,0.0
2021-03-26 00:00:00-04:00,2295.75,2295.75,2295.75,2295.75,0,0.0,0.0
2021-03-29 00:00:00-04:00,2277.75,2277.75,2277.75,2277.75,1,0.0,0.0
2021-03-30 00:00:00-04:00,2237.25,2237.25,2237.25,2237.25,1,0.0,0.0
2021-03-31 00:00:00-04:00,2215.0,2215.0,2215.0,2215.0,1,0.0,0.0
2021-04-01 00:00:00-04:00,2234.5,2234.5,2234.5,2234.5,1,0.0,0.0
2021-04-05 00:00:00-04:00,2234.5,2234.5,2234.5,2234.5,1,0.0,0.0
2021-04-06 00:00:00-04:00,2273.75,2273.75,2273.75,2273.75,1,0.0,0.0
2021-04-07 00:00:00-04:00,2266.25,2266.25,2266.25,2266.25,1,0.0,0.0
2021-04-08 00:00:00-04:00,2290.5,2290.5,2290.5,2290.5,1,0.0,0.0
2021-04-09 00:00:00-04:00,2266.75,2266.75,2266.75,2266.75,1,0.0,0.0
2021-04-12 00:00:00-04:00,2270.0,2270.0,2270.0,2270.0,1,0.0,0.0
2021-04-13 00:00:00-04:00,2304.5,2304.5,2304.5,2304.5,1,0.0,0.0
2021-04-14 00:00:00-04:00,2336.5,2336.5,2336.5,2336.5,1,0.0,0.0
2021-04-15 00:00:00-04:00,2347.25,2347.25,2347.25,2347.25,1,0.0,0.0
2021-04-16 00:00:00-04:00,2327.5,2327.5,2327.5,2327.5,1,0.0,0.0
2021-04-19 00:00:00-04:00,2340.75,2340.75,2340.75,2340.75,1,0.0,0.0
2021-04-20 00:00:00-04:00,2320.25,2320.25,2320.25,2320.25,1,0.0,0.0
2021-04-21 00:00:00-04:00,2377.25,2377.25,2377.25,2377.25,1,0.0,0.0
2021-04-22 00:00:00-04:00,2368.0,2368.0,2368.0,2368.0,1,0.0,0.0
2021-04-23 00:00:00-04:00,2372.5,2372.5,2372.5,2372.5,1,0.0,0.0
2021-04-26 00:00:00-04:00,2406.25,2406.25,2406.25,2406.25,1,0.0,0.0
2021-04-27 00:00:00-04:00,2398.0,2398.0,2398.0,2398.0,1,0.0,0.0
2021-04-28 00:00:00-04:00,2397.0,2397.0,2397.0,2397.0,0,0.0,0.0
2021-04-29 00:00:00-04:00,2419.0,2419.0,2419.0,2419.0,0,0.0,0.0
2021-04-30 00:00:00-04:00,2413.0,2413.0,2413.0,2413.0,0,0.0,0.0
2021-05-03 00:00:00-04:00,2413.0,2413.0,2413.0,2413.0,0,0.0,0.0
2021-05-04 00:00:00-04:00,2436.0,2436.0,2436.0,2436.0,0,0.0,0.0
2021-05-05 00:00:00-04:00,2456.75,2456.75,2456.75,2456.75,0,0.0,0.0
2021-05-06 00:00:00-04:00,2504.75,2504.75,2504.75,2504.75,0,0.0,0.0
2021-05-07 00:00:00-04:00,2555.25,2555.25,2555.25,2555.25,0,0.0,0.0
2021-05-10 00:00:00-04:00,2549.0,2549.0,2549.0,2549.0,0,0.0,0.0
2021-05-11 00:00:00-04:00,2542.75,2542.75,2542.75,2542.75,0,0.0,0.0
2021-05-12 00:00:00-04:00,2513.75,2513.75,2513.75,2513.75,0,0.0,0.0
2021-05-13 00:00:00-04:00,2474.5,2474.5,2474.5,2474.5,0,0.0,0.0
2021-05-14 00:00:00-04:00,2475.75,2475.75,2475.75,2475.75,0,0.0,0.0
2021-05-17 00:00:00-04:00,2525.75,2525.75,2525.75,2525.75,0,0.0,0.0
2021-05-18 00:00:00-04:00,2499.75,2499.75,2499.75,2499.75,0,0.0,0.0
2021-05-19 00:00:00-04:00,2434.75,2434.75,2434.75,2434.75,0,0.0,0.0
2021-05-20 00:00:00-04:00,2424.5,2424.5,2424.5,2424.5,0,0.0,0.0
2021-05-21 00:00:00-04:00,2388.5,2388.5,2388.5,2388.5,0,0.0,0.0
2021-05-24 00:00:00-04:00,2406.5,2406.5,2406.5,2406.5,0,0.0,0.0
2021-05-25 00:00:00-04:00,2393.5,2393.5,2393.5,2393.5,0,0.0,0.0
2021-05-26 00:00:00-04:00,2424.5,2424.5,2424.5,2424.5,0,0.0,0.0
2021-05-27 00:00:00-04:00,2501.25,2501.25,2501.25,2501.25,0,0.0,0.0
2021-05-28 00:00:00-04:00,2519.5,2519.5,2519.5,2519.5,0,0.0,0.0
2021-06-01 00:00:00-04:00,2493.0,2493.0,2493.0,2493.0,0,0.0,0.0
2021-06-02 00:00:00-04:00,2465.25,2465.25,2465.25,2465.25,0,0.0,0.0
2021-06-03 00:00:00-04:00,2427.75,2427.75,2427.75,2427.75,0,0.0,0.0
2021-06-04 00:00:00-04:00,2478.25,2478.25,2478.25,2478.25,0,0.0,0.0
2021-06-07 00:00:00-04:00,2452.75,2452.75,2452.75,2452.75,0,0.0,0.0
2021-06-08 00:00:00-04:00,2470.75,2470.75,2470.75,2470.75,0,0.0,0.0
2021-06-09 00:00:00-04:00,2475.25,2475.25,2475.25,2475.25,0,0.0,0.0
2021-06-10 00:00:00-04:00,2500.75,2500.75,2500.75,2500.75,0,0.0,0.0
2021-06-11 00:00:00-04:00,2488.75,2488.75,2488.75,2488.75,0,0.0,0.0
2021-06-14 00:00:00-04:00,2518.0,2518.0,2518.0,2518.0,0,0.0,0.0
2021-06-15 00:00:00-04:00,2479.75,2479.75,2479.75,2479.75,0,0.0,0.0
2021-06-16 00:00:00-04:00,2488.25,2488.25,2488.25,2488.25,0,0.0,0.0
2021-06-17 00:00:00-04:00,2420.0,2420.0,2420.0,2420.0,0,0.0,0.0
2021-06-18 00:00:00-04:00,2401.75,2401.75,2401.75,2401.75,0,0.0,0.0
2021-06-21 00:00:00-04:00,2420.5,2420.5,2420.5,2420.5,0,0.0,0.0
2021-06-22 00:00:00-04:00,2439.25,2439.25,2439.25,2439.25,0,0.0,0.0
2021-06-23 00:00:00-04:00,2447.25,2447.25,2447.25,2447.25,0,0.0,0.0
2021-06-24 00:00:00-04:00,2454.0,2454.0,2454.0,2454.0,0,0.0,0.0
2021-06-25 00:00:00-04:00,2502.0,2502.0,2502.0,2502.0,0,0.0,0.0
2021-06-28 00:00:00-04:00,2511.5,2511.5,2511.5,2511.5,0,0.0,0.0
2021-06-29 00:00:00-04:00,2569.0,2569.0,2569.0,2569.0,0,0.0,0.0
2021-06-30 00:00:00-04:00,2548.75,2548.75,2548.75,2548.75,0,0.0,0.0
2021-07-01 00:00:00-04:00,2534.75,2534.75,2534.75,2534.75,0,0.0,0.0
2021-07-02 00:00:00-04:00,2585.75,2585.75,2585.75,2585.75,0,0.0,0.0
2021-07-06 00:00:00-04:00,2556.0,2556.0,2556.0,2556.0,0,0.0,0.0
2021-07-07 00:00:00-04:00,2524.0,2524.0,2524.0,2524.0,0,0.0,0.0
2021-07-08 00:00:00-04:00,2467.0,2467.0,2467.0,2467.0,0,0.0,0.0
2021-07-09 00:00:00-04:00,2521.75,2521.75,2521.75,2521.75,0,0.0,0.0
2021-07-12 00:00:00-04:00,2511.25,2511.25,2511.25,2511.25,0,0.0,0.0
2021-07-13 00:00:00-04:00,2559.25,2559.25,2559.25,2559.25,0,0.0,0.0
2021-07-14 00:00:00-04:00,2542.5,2542.5,2542.5,2542.5,0,0.0,0.0
2021-07-15 00:00:00-04:00,2534.75,2534.75,2534.75,2534.75,0,0.0,0.0
2021-07-16 00:00:00-04:00,2506.25,2506.25,2506.25,2506.25,0,0.0,0.0
2021-07-19 00:00:00-04:00,2440.0,2440.0,2440.0,2440.0,0,0.0,0.0
2021-07-20 00:00:00-04:00,2485.25,2485.25,2485.25,2485.25,0,0.0,0.0
2021-07-21 00:00:00-04:00,2478.0,2478.0,2478.0,2478.0,0,0.0,0.0
2021-07-22 00:00:00-04:00,2508.75,2508.75,2508.75,2508.75,0,0.0,0.0
2021-07-23 00:00:00-04:00,2531.25,2531.25,2531.25,2531.25,0,0.0,0.0
2021-07-26 00:00:00-04:00,2542.0,2542.0,2542.0,2542.0,0,0.0,0.0
2021-07-27 00:00:00-04:00,2515.25,2515.25,2515.25,2515.25,0,0.0,0.0
2021-07-28 00:00:00-04:00,2557.0,2557.0,2557.0,2557.0,0,0.0,0.0
2021-07-29 00:00:00-04:00,2620.75,2620.75,2620.75,2620.75,0,0.0,0.0
2021-07-30 00:00:00-04:00,2624.25,2624.25,2624.25,2624.25,0,0.0,0.0
2021-08-02 00:00:00-04:00,2647.0,2647.0,2647.0,2647.0,0,0.0,0.0
2021-08-03 00:00:00-04:00,2607.75,2607.75,2607.75,2607.75,0,0.0,0.0
2021-08-04 00:00:00-04:00,2589.25,2589.25,2589.25,2589.25,0,0.0,0.0
2021-08-05 00:00:00-04:00,2610.25,2610.25,2610.25,2610.25,0,0.0,0.0
2021-08-06 00:00:00-04:00,2601.25,2601.25,2601.25,2601.25,0,0.0,0.0
2021-08-09 00:00:00-04:00,2570.75,2570.75,2570.75,2570.75,0,0.0,0.0
2021-08-10 00:00:00-04:00,2596.75,2596.75,2596.75,2596.75,0,0.0,0.0
2021-08-11 00:00:00-04:00,2607.75,2607.75,2607.75,2607.75,0,0.0,0.0
2021-08-12 00:00:00-04:00,2593.5,2593.5,2593.5,2593.5,0,0.0,0.0
2021-08-13 00:00:00-04:00,2618.0,2618.0,2618.0,2618.0,0,0.0,0.0
2021-08-16 00:00:00-04:00,2616.25,2616.25,2616.25,2616.25,0,0.0,0.0
2021-08-17 00:00:00-04:00,2613.75,2613.75,2613.75,2613.75,0,0.0,0.0
2021-08-18 00:00:00-04:00,2572.5,2572.5,2572.5,2572.5,0,0.0,0.0
2021-08-19 00:00:00-04:00,2562.75,2562.75,2562.75,2562.75,0,0.0,0.0
2021-08-20 00:00:00-04:00,2566.5,2566.5,2566.5,2566.5,0,0.0,0.0
2021-08-23 00:00:00-04:00,2620.0,2620.0,2620.0,2620.0,0,0.0,0.0
2021-08-24 00:00:00-04:00,2647.5,2647.5,2647.5,2647.5,0,0.0,0.0
2021-08-25 00:00:00-04:00,2648.5,2648.5,2648.5,2648.5,0,0.0,0.0
2021-08-26 00:00:00-04:00,2655.5,2655.5,2655.5,2655.5,0,0.0,0.0
2021-08-27 00:00:00-04:00,2680.0,2680.0,2680.0,2680.0,0,0.0,0.0
2021-08-30 00:00:00-04:00,2673.0,2673.0,2673.0,2673.0,0,0.0,0.0
2021-08-31 00:00:00-04:00,2746.25,2746.25,2746.25,2746.25,0,0.0,0.0
2021-09-01 00:00:00-04:00,2717.5,2717.5,2717.5,2717.5,0,0.0,0.0
2021-09-02 00:00:00-04:00,2723.25,2723.25,2723.25,2723.25,0,0.0,0.0
2021-09-03 00:00:00-04:00,2753.75,2753.75,2753.75,2753.75,0,0.0,0.0
2021-09-07 00:00:00-04:00,2787.75,2787.75,2787.75,2787.75,0,0.0,0.0
2021-09-08 00:00:00-04:00,2818.5,2818.5,2818.5,2818.5,0,0.0,0.0
2021-09-09 00:00:00-04:00,2864.25,2864.25,2864.25,2864.25,0,0.0,0.0
2021-09-10 00:00:00-04:00,2948.0,2948.0,2948.0,2948.0,0,0.0,0.0
2021-09-13 00:00:00-04:00,2929.5,2929.5,2929.5,2929.5,0,0.0,0.0
2021-09-14 00:00:00-04:00,2866.5,2866.5,2866.5,2866.5,0,0.0,0.0
2021-09-15 00:00:00-04:00,2928.25,2928.25,2928.25,2928.25,0,0.0,0.0
2021-09-16 00:00:00-04:00,2915.0,2918.0,2915.0,2918.0,0,0.0,0.0
2021-09-17 00:00:00-04:00,2919.5,2919.5,2919.5,2919.5,0,0.0,0.0
2021-09-20 00:00:00-04:00,2896.5,2896.5,2896.5,2896.5,0,0.0,0.0
2021-09-21 00:00:00-04:00,2883.5,2883.5,2883.5,2883.5,0,0.0,0.0
2021-09-22 00:00:00-04:00,2976.0,2976.0,2976.0,2976.0,0,0.0,0.0
2021-09-23 00:00:00-04:00,2987.5,2987.5,2987.5,2987.5,0,0.0,0.0
2021-09-24 00:00:00-04:00,2958.0,2958.0,2958.0,2958.0,0,0.0,0.0
2021-09-27 00:00:00-04:00,2923.25,2923.25,2923.25,2923.25,0,0.0,0.0
2021-09-28 00:00:00-04:00,2974.25,2974.25,2974.25,2974.25,0,0.0,0.0
2021-09-29 00:00:00-04:00,2965.25,2965.25,2965.25,2965.25,0,0.0,0.0
2021-09-30 00:00:00-04:00,2914.75,2914.75,2903.0,2903.0,0,0.0,0.0
2021-10-01 00:00:00-04:00,2902.25,2902.25,2902.25,2902.25,0,0.0,0.0
2021-10-04 00:00:00-04:00,2957.25,2957.25,2957.25,2957.25,0,0.0,0.0
2021-10-05 00:00:00-04:00,2966.5,2966.5,2966.5,2966.5,0,0.0,0.0
2021-10-06 00:00:00-04:00,2942.0,2942.0,2942.0,2942.0,0,0.0,0.0
2021-10-07 00:00:00-04:00,2991.0,2991.0,2991.0,2991.0,0,0.0,0.0
2021-10-08 00:00:00-04:00,3011.25,3011.25,3011.25,3011.25,0,0.0,0.0
2021-10-11 00:00:00-04:00,3111.5,3111.5,3111.5,3111.5,0,0.0,0.0
2021-10-12 00:00:00-04:00,3108.75,3108.75,3108.75,3108.75,0,0.0,0.0
2021-10-13 00:00:00-04:00,3038.75,3038.75,3038.75,3038.75,0,0.0,0.0
2021-10-14 00:00:00-04:00,3130.5,3130.5,3130.5,3130.5,0,0.0,0.0
2021-10-15 00:00:00-04:00,3171.0,3171.0,3171.0,3171.0,0,0.0,0.0
2021-10-18 00:00:00-04:00,3202.5,3202.5,3202.5,3202.5,0,0.0,0.0
2021-10-19 00:00:00-04:00,3138.25,3138.25,3138.25,3138.25,0,0.0,0.0
2021-10-20 00:00:00-04:00,3108.75,3108.75,3108.75,3108.75,0,0.0,0.0
2021-10-21 00:00:00-04:00,2935.5,2935.5,2935.5,2935.5,0,0.0,0.0
2021-10-22 00:00:00-04:00,2905.75,2907.75,2905.75,2907.75,0,0.0,0.0
2021-10-25 00:00:00-04:00,2908.0,2908.0,2908.0,2908.0,0,0.0,0.0
2021-10-26 00:00:00-04:00,2860.75,2866.5,2860.75,2866.5,0,0.0,0.0
2021-10-27 00:00:00-04:00,2716.5,2716.5,2716.5,2716.5,0,0.0,0.0
2021-10-28 00:00:00-04:00,2794.5,2794.5,2794.5,2794.5,0,0.0,0.0
2021-10-29 00:00:00-04:00,2758.5,2758.5,2758.5,2758.5,0,0.0,0.0
2021-11-01 00:00:00-04:00,2776.25,2776.25,2776.25,2776.25,0,0.0,0.0
2021-11-02 00:00:00-04:00,2754.75,2754.75,2754.75,2754.75,0,0.0,0.0
2021-11-03 00:00:00-04:00,2712.5,2712.5,2712.5,2712.5,0,0.0,0.0
2021-11-04 00:00:00-04:00,2616.25,2616.25,2616.25,2616.25,0,0.0,0.0
2021-11-05 00:00:00-04:00,2595.75,2595.75,2595.75,2595.75,0,0.0,0.0
2021-11-08 00:00:00-05:00,2625.0,2625.0,2604.75,2604.75,0,0.0,0.0
2021-11-09 00:00:00-05:00,2560.5,2560.5,2560.5,2560.5,0,0.0,0.0
2021-11-10 00:00:00-05:00,2567.0,2567.0,2567.0,2567.0,0,0.0,0.0
2021-11-11 00:00:00-05:00,2634.0,2634.0,2634.0,2634.0,0,0.0,0.0
2021-11-12 00:00:00-05:00,2645.25,2645.25,2645.25,2645.25,0,0.0,0.0
2021-11-15 00:00:00-05:00,2607.75,2607.75,2607.75,2607.75,0,0.0,0.0
2021-11-16 00:00:00-05:00,2540.5,2540.5,2540.5,2540.5,0,0.0,0.0
2021-11-17 00:00:00-05:00,2598.5,2598.5,2598.5,2598.5,0,0.0,0.0
2021-11-18 00:00:00-05:00,2603.0,2603.0,2603.0,2603.0,0,0.0,0.0
2021-11-19 00:00:00-05:00,2662.75,2662.75,2662.75,2662.75,0,0.0,0.0
2021-11-22 00:00:00-05:00,2657.5,2657.5,2657.5,2657.5,0,0.0,0.0
2021-11-23 00:00:00-05:00,2648.0,2648.0,2648.0,2648.0,0,0.0,0.0
2021-11-24 00:00:00-05:00,2664.5,2664.5,2664.5,2664.5,0,0.0,0.0
2021-11-26 00:00:00-05:00,2581.25,2581.25,2581.25,2581.25,0,0.0,0.0
2021-11-29 00:00:00-05:00,2596.0,2596.0,2596.0,2596.0,0,0.0,0.0
2021-11-30 00:00:00-05:00,2591.25,2591.25,2591.25,2591.25,0,0.0,0.0
2021-12-01 00:00:00-05:00,2628.5,2628.5,2628.5,2628.5,0,0.0,0.0
2021-12-02 00:00:00-05:00,2585.25,2585.25,2585.25,2585.25,0,0.0,0.0
2021-12-03 00:00:00-05:00,2596.25,2596.25,2596.25,2596.25,0,0.0,0.0
2021-12-06 00:00:00-05:00,2566.75,2566.75,2566.75,2566.75,0,0.0,0.0
2021-12-07 00:00:00-05:00,2601.75,2601.75,2601.75,2601.75,0,0.0,0.0
2021-12-08 00:00:00-05:00,2595.25,2595.25,2576.25,2576.25,0,0.0,0.0
2021-12-09 00:00:00-05:00,2579.5,2579.5,2579.5,2579.5,0,0.0,0.0
2021-12-10 00:00:00-05:00,2550.75,2550.75,2550.75,2550.75,0,0.0,0.0
2021-12-13 00:00:00-05:00,2601.75,2601.75,2601.75,2601.75,0,0.0,0.0
2021-12-14 00:00:00-05:00,2569.0,2569.0,2569.0,2569.0,0,0.0,0.0
2021-12-15 00:00:00-05:00,2540.0,2540.0,2540.0,2540.0,0,0.0,0.0
2021-12-16 00:00:00-05:00,2611.25,2611.25,2611.25,2611.25,0,0.0,0.0
2021-12-17 00:00:00-05:00,2653.75,2653.75,2653.75,2653.75,0,0.0,0.0
2021-12-20 00:00:00-05:00,2602.0,2602.0,2602.0,2602.0,0,0.0,0.0
2021-12-21 00:00:00-05:00,2716.75,2716.75,2716.75,2716.75,0,0.0,0.0
2021-12-22 00:00:00-05:00,2803.75,2803.75,2803.75,2803.75,0,0.0,0.0
2021-12-23 00:00:00-05:00,2808.0,2808.0,2808.0,2808.0,0,0.0,0.0
2021-12-27 00:00:00-05:00,2808.0,2808.0,2808.0,2808.0,0,0.0,0.0
2021-12-28 00:00:00-05:00,2808.0,2808.0,2808.0,2808.0,0,0.0,0.0
2021-12-29 00:00:00-05:00,2781.25,2781.25,2781.25,2781.25,3,0.0,0.0
2021-12-30 00:00:00-05:00,2782.5,2782.5,2782.5,2782.5,0,0.0,0.0
2021-12-31 00:00:00-05:00,2752.5,2752.5,2752.5,2752.5,0,0.0,0.0
2022-01-03 00:00:00-05:00,2752.5,2752.5,2752.5,2752.5,0,0.0,0.0
2022-01-04 00:00:00-05:00,2802.75,2802.75,2802.75,2802.75,0,0.0,0.0
2022-01-05 00:00:00-05:00,2876.0,2876.0,2876.0,2876.0,0,0.0,0.0
2022-01-06 00:00:00-05:00,2890.0,2890.0,2890.0,2890.0,0,0.0,0.0
2022-01-07 00:00:00-05:00,2884.5,2884.5,2884.5,2884.5,0,0.0,0.0
2022-01-10 00:00:00-05:00,2898.75,2898.75,2898.75,2898.75,0,0.0,0.0
2022-01-11 00:00:00-05:00,2951.0,2951.0,2951.0,2951.0,0,0.0,0.0
2022-01-12 00:00:00-05:00,2973.75,2973.75,2973.75,2973.75,0,0.0,0.0
2022-01-13 00:00:00-05:00,2944.0,2944.0,2944.0,2944.0,0,0.0,0.0
2022-01-14 00:00:00-05:00,2962.75,2962.75,2962.75,2962.75,0,0.0,0.0
2022-01-18 00:00:00-05:00,3001.0,3001.0,3001.0,3001.0,0,0.0,0.0
2022-01-19 00:00:00-05:00,3038.25,3038.25,3038.25,3038.25,0,0.0,0.0
2022-01-20 00:00:00-05:00,3102.25,3102.25,3102.25,3102.25,0,0.0,0.0
2022-01-21 00:00:00-05:00,3026.0,3026.0,3026.0,3026.0,0,0.0,0.0
2022-01-24 00:00:00-05:00,3015.5,3015.5,3015.5,3015.5,0,0.0,0.0
2022-01-25 00:00:00-05:00,3077.75,3077.75,3077.75,3077.75,0,0.0,0.0
2022-01-26 00:00:00-05:00,3078.0,3078.0,3078.0,3078.0,0,0.0,0.0
2022-01-27 00:00:00-05:00,3090.25,3090.25,3090.25,3090.25,0,0.0,0.0
2022-01-28 00:00:00-05:00,3128.25,3128.25,3128.25,3128.25,0,0.0,0.0
2022-01-31 00:00:00-05:00,3078.25,3078.25,3078.25,3078.25,0,0.0,0.0
2022-02-01 00:00:00-05:00,3077.5,3077.5,3077.5,3077.5,0,0.0,0.0
2022-02-02 00:00:00-05:00,3029.0,3029.0,3029.0,3029.0,0,0.0,0.0
2022-02-03 00:00:00-05:00,3080.0,3080.0,3080.0,3080.0,0,0.0,0.0
2022-02-04 00:00:00-05:00,3114.25,3114.25,3114.25,3114.25,0,0.0,0.0
2022-02-07 00:00:00-05:00,3167.75,3167.75,3167.75,3167.75,0,0.0,0.0
2022-02-08 00:00:00-05:00,3240.25,3240.25,3240.25,3240.25,0,0.0,0.0
2022-02-09 00:00:00-05:00,3313.0,3313.0,3313.0,3313.0,0,0.0,0.0
2022-02-10 00:00:00-05:00,3319.0,3319.0,3319.0,3319.0,0,0.0,0.0
2022-02-11 00:00:00-05:00,3282.25,3282.25,3282.25,3282.25,0,0.0,0.0
2022-02-14 00:00:00-05:00,3272.0,3272.0,3272.0,3272.0,0,0.0,0.0
2022-02-15 00:00:00-05:00,3240.0,3272.5,3240.0,3272.5,5,0.0,0.0
2022-02-16 00:00:00-05:00,3320.0,3320.0,3320.0,3320.0,0,0.0,0.0
2022-02-17 00:00:00-05:00,3315.75,3315.75,3315.75,3315.75,0,0.0,0.0
2022-02-18 00:00:00-05:00,3304.5,3304.5,3304.5,3304.5,0,0.0,0.0
2022-02-22 00:00:00-05:00,3342.0,3342.0,3342.0,3342.0,0,0.0,0.0
2022-02-23 00:00:00-05:00,3345.75,3345.75,3345.75,3345.75,0,0.0,0.0
2022-02-24 00:00:00-05:00,3457.5,3457.5,3457.5,3457.5,0,0.0,0.0
2022-02-25 00:00:00-05:00,3400.0,3406.0,3400.0,3406.0,4,0.0,0.0
2022-02-28 00:00:00-05:00,3417.0,3417.0,3417.0,3417.0,0,0.0,0.0
2022-03-01 00:00:00-05:00,3516.0,3516.0,3516.0,3516.0,0,0.0,0.0
2022-03-02 00:00:00-05:00,3615.5,3615.5,3615.5,3615.5,0,0.0,0.0
2022-03-03 00:00:00-05:00,3767.75,3767.75,3767.75,3767.75,0,0.0,0.0
2022-03-04 00:00:00-05:00,3873.0,3873.0,3873.0,3873.0,0,0.0,0.0
2022-03-07 00:00:00-05:00,3745.5,3745.5,3745.5,3745.5,0,0.0,0.0
2022-03-08 00:00:00-05:00,3485.5,3485.5,3485.5,3485.5,0,0.0,0.0
2022-03-09 00:00:00-05:00,3286.5,3286.5,3286.5,3286.5,1,0.0,0.0
2022-03-10 00:00:00-05:00,3361.25,3361.25,3361.25,3361.25,2,0.0,0.0
2022-03-11 00:00:00-05:00,3446.5,3446.5,3446.5,3446.5,0,0.0,0.0
2022-03-14 00:00:00-04:00,3321.5,3321.5,3321.5,3321.5,0,0.0,0.0
2022-03-15 00:00:00-04:00,3204.5,3204.5,3204.5,3204.5,0,0.0,0.0
2022-03-16 00:00:00-04:00,3238.75,3238.75,3238.75,3238.75,0,0.0,0.0
2022-03-17 00:00:00-04:00,3316.25,3316.25,3316.25,3316.25,0,0.0,0.0
2022-03-18 00:00:00-04:00,3357.25,3357.25,3357.25,3357.25,0,0.0,0.0
2022-03-21 00:00:00-04:00,3469.75,3469.75,3469.75,3469.75,0,0.0,0.0
2022-03-22 00:00:00-04:00,3460.25,3460.25,3460.25,3460.25,0,0.0,0.0
2022-03-23 00:00:00-04:00,3572.75,3572.75,3572.75,3572.75,0,0.0,0.0
2022-03-24 00:00:00-04:00,3593.5,3593.5,3593.5,3593.5,0,0.0,0.0
2022-03-25 00:00:00-04:00,3571.5,3571.5,3571.5,3571.5,0,0.0,0.0
2022-03-28 00:00:00-04:00,3585.5,3585.5,3585.5,3585.5,0,0.0,0.0
2022-03-29 00:00:00-04:00,3431.5,3431.5,3431.5,3431.5,0,0.0,0.0
2022-03-30 00:00:00-04:00,3553.5,3553.5,3553.5,3553.5,3,0.0,0.0
2022-03-31 00:00:00-04:00,3500.0,3500.0,3500.0,3500.0,0,0.0,0.0
2022-04-01 00:00:00-04:00,3466.5,3466.5,3466.5,3466.5,0,0.0,0.0
2022-04-04 00:00:00-04:00,3441.5,3441.5,3441.5,3441.5,0,0.0,0.0
2022-04-05 00:00:00-04:00,3430.5,3430.5,3430.5,3430.5,0,0.0,0.0
2022-04-06 00:00:00-04:00,3405.0,3405.0,3405.0,3405.0,0,0.0,0.0
2022-04-07 00:00:00-04:00,3352.75,3352.75,3352.75,3352.75,0,0.0,0.0
2022-04-08 00:00:00-04:00,3340.75,3340.75,3340.75,3340.75,0,0.0,0.0
2022-04-11 00:00:00-04:00,3209.75,3209.75,3209.75,3209.75,0,0.0,0.0
2022-04-12 00:00:00-04:00,3229.5,3229.5,3229.5,3229.5,0,0.0,0.0
2022-04-13 00:00:00-04:00,3206.75,3206.75,3206.75,3206.75,0,0.0,0.0
2022-04-14 00:00:00-04:00,3250.5,3250.5,3250.5,3250.5,0,0.0,0.0
2022-04-18 00:00:00-04:00,3250.5,3250.5,3250.5,3250.5,0,0.0,0.0
2022-04-19 00:00:00-04:00,3212.5,3212.5,3212.5,3212.5,0,0.0,0.0
2022-04-20 00:00:00-04:00,3237.5,3237.5,3237.5,3237.5,0,0.0,0.0
2022-04-21 00:00:00-04:00,3264.0,3264.0,3264.0,3264.0,0,0.0,0.0
2022-04-22 00:00:00-04:00,3203.0,3203.0,3203.0,3203.0,0,0.0,0.0
2022-04-25 00:00:00-04:00,3054.5,3054.5,3054.5,3054.5,0,0.0,0.0
2022-04-26 00:00:00-04:00,3040.25,3040.25,3040.25,3040.25,0,0.0,0.0
2022-04-27 00:00:00-04:00,3066.5,3066.5,3066.5,3066.5,0,0.0,0.0
2022-04-28 00:00:00-04:00,2997.75,2997.75,2997.75,2997.75,0,0.0,0.0
2022-04-29 00:00:00-04:00,3049.75,3049.75,3049.75,3049.75,0,0.0,0.0
2022-05-02 00:00:00-04:00,3049.75,3049.75,3049.75,3049.75,0,0.0,0.0
2022-05-03 00:00:00-04:00,2900.0,2900.0,2900.0,2900.0,9,0.0,0.0
2022-05-04 00:00:00-04:00,2958.5,2958.5,2958.5,2958.5,0,0.0,0.0
2022-05-05 00:00:00-04:00,2896.5,2896.5,2896.5,2896.5,0,0.0,0.0
2022-05-06 00:00:00-04:00,2831.0,2831.0,2831.0,2831.0,0,0.0,0.0
2022-05-09 00:00:00-04:00,2740.75,2740.75,2740.75,2740.75,0,0.0,0.0
2022-05-10 00:00:00-04:00,2743.25,2743.25,2743.25,2743.25,0,0.0,0.0
2022-05-11 00:00:00-04:00,2769.25,2769.25,2769.25,2769.25,0,0.0,0.0
2022-05-12 00:00:00-04:00,2730.75,2730.75,2730.75,2730.75,0,0.0,0.0
2022-05-13 00:00:00-04:00,2774.0,2774.0,2774.0,2774.0,0,0.0,0.0
2022-05-16 00:00:00-04:00,2808.75,2808.75,2808.75,2808.75,0,0.0,0.0
2022-05-17 00:00:00-04:00,2860.0,2860.0,2860.0,2860.0,0,0.0,0.0
2022-05-18 00:00:00-04:00,2831.25,2831.25,2831.25,2831.25,0,0.0,0.0
2022-05-19 00:00:00-04:00,2884.0,2884.0,2884.0,2884.0,0,0.0,0.0
2022-05-20 00:00:00-04:00,2927.25,2927.25,2927.25,2927.25,0,0.0,0.0
2022-05-23 00:00:00-04:00,2933.25,2933.25,2933.25,2933.25,0,0.0,0.0
2022-05-24 00:00:00-04:00,2874.5,2874.5,2874.5,2874.5,0,0.0,0.0
2022-05-25 00:00:00-04:00,2848.5,2848.5,2848.5,2848.5,0,0.0,0.0
2022-05-26 00:00:00-04:00,2833.25,2833.25,2833.25,2833.25,8,0.0,0.0
2022-05-27 00:00:00-04:00,2850.0,2850.0,2850.0,2850.0,20,0.0,0.0
2022-05-31 00:00:00-04:00,2763.5,2763.5,2763.5,2763.5,3,0.0,0.0
2022-06-01 00:00:00-04:00,2692.25,2692.25,2692.25,2692.25,2,0.0,0.0
2022-06-02 00:00:00-04:00,2692.0,2692.0,2692.0,2692.0,7,0.0,0.0
2022-06-03 00:00:00-04:00,2692.0,2692.0,2692.0,2692.0,0,0.0,0.0
2022-06-06 00:00:00-04:00,2747.5,2747.5,2747.5,2747.5,0,0.0,0.0
2022-06-07 00:00:00-04:00,2742.5,2742.5,2742.5,2742.5,0,0.0,0.0
2022-06-08 00:00:00-04:00,2786.75,2786.75,2786.75,2786.75,0,0.0,0.0
2022-06-09 00:00:00-04:00,2727.75,2727.75,2727.75,2727.75,0,0.0,0.0
2022-06-10 00:00:00-04:00,2638.75,2638.75,2638.75,2638.75,15,0.0,0.0
2022-06-13 00:00:00-04:00,2601.0,2601.0,2601.0,2601.0,15,0.0,0.0
2022-06-14 00:00:00-04:00,2531.25,2531.25,2531.25,2531.25,15,0.0,0.0
2022-06-15 00:00:00-04:00,2562.25,2562.25,2562.25,2562.25,15,0.0,0.0
2022-06-16 00:00:00-04:00,2474.25,2474.25,2474.25,2474.25,15,0.0,0.0
2022-06-17 00:00:00-04:00,2461.0,2461.0,2461.0,2461.0,15,0.0,0.0
2022-06-21 00:00:00-04:00,2490.0,2490.0,2490.0,2490.0,10,0.0,0.0
2022-06-22 00:00:00-04:00,2434.75,2434.75,2434.75,2434.75,10,0.0,0.0
2022-06-23 00:00:00-04:00,2436.0,2436.0,2436.0,2436.0,10,0.0,0.0
2022-06-24 00:00:00-04:00,2411.5,2411.5,2411.5,2411.5,10,0.0,0.0
2022-06-27 00:00:00-04:00,2460.75,2460.75,2460.75,2460.75,10,0.0,0.0
2022-06-28 00:00:00-04:00,2440.5,2440.5,2440.5,2440.5,1,0.0,0.0
2022-06-29 00:00:00-04:00,2422.75,2422.75,2422.75,2422.75,50,0.0,0.0
2022-06-30 00:00:00-04:00,2401.5,2401.5,2401.5,2401.5,22,0.0,0.0
2022-07-01 00:00:00-04:00,2389.25,2389.25,2389.25,2389.25,22,0.0,0.0
2022-07-05 00:00:00-04:00,2342.0,2342.0,2342.0,2342.0,22,0.0,0.0
2022-07-06 00:00:00-04:00,2354.75,2354.75,2354.75,2354.75,22,0.0,0.0
2022-07-07 00:00:00-04:00,2386.75,2386.75,2386.75,2386.75,22,0.0,0.0
2022-07-08 00:00:00-04:00,2383.75,2383.75,2383.75,2383.75,22,0.0,0.0
2022-07-11 00:00:00-04:00,2341.25,2341.25,2341.25,2341.25,17,0.0,0.0
2022-07-12 00:00:00-04:00,2321.75,2321.75,2321.75,2321.75,17,0.0,0.0
2022-07-13 00:00:00-04:00,2330.75,2330.75,2330.75,2330.75,5,0.0,0.0
2022-07-14 00:00:00-04:00,2367.0,2367.0,2367.0,2367.0,5,0.0,0.0
2022-07-15 00:00:00-04:00,2380.0,2380.0,2380.0,2380.0,5,0.0,0.0
2022-07-18 00:00:00-04:00,2461.5,2461.5,2461.5,2461.5,10,0.0,0.0
2022-07-19 00:00:00-04:00,2399.5,2399.5,2397.5,2397.5,6,0.0,0.0
2022-07-20 00:00:00-04:00,2435.25,2435.25,2435.25,2435.25,16,0.0,0.0
2022-07-21 00:00:00-04:00,2427.5,2427.5,2427.5,2427.5,16,0.0,0.0
2022-07-22 00:00:00-04:00,2484.75,2484.75,2483.0,2483.0,16,0.0,0.0
2022-07-25 00:00:00-04:00,2426.25,2426.25,2426.25,2426.25,5,0.0,0.0
2022-07-26 00:00:00-04:00,2435.5,2435.5,2435.5,2435.5,0,0.0,0.0
2022-07-27 00:00:00-04:00,2427.5,2427.5,2427.5,2427.5,38,0.0,0.0
2022-07-28 00:00:00-04:00,2370.5,2457.0,2370.5,2457.0,1,0.0,0.0
2022-07-29 00:00:00-04:00,2463.5,2463.5,2463.5,2463.5,12,0.0,0.0
2022-08-01 00:00:00-04:00,2407.25,2407.25,2407.25,2407.25,12,0.0,0.0
2022-08-02 00:00:00-04:00,2386.5,2386.5,2386.5,2386.5,12,0.0,0.0
2022-08-03 00:00:00-04:00,2349.5,2349.5,2349.5,2349.5,12,0.0,0.0
2022-08-04 00:00:00-04:00,2372.75,2372.75,2372.75,2372.75,12,0.0,0.0
2022-08-05 00:00:00-04:00,2396.75,2396.75,2396.75,2396.75,12,0.0,0.0
2022-08-08 00:00:00-04:00,2427.5,2427.5,2427.5,2427.5,12,0.0,0.0
2022-08-09 00:00:00-04:00,2470.75,2470.75,2470.75,2470.75,8,0.0,0.0
2022-08-10 00:00:00-04:00,2472.75,2472.75,2472.75,2472.75,8,0.0,0.0
2022-08-11 00:00:00-04:00,2505.25,2505.25,2505.25,2505.25,8,0.0,0.0
2022-08-12 00:00:00-04:00,2421.75,2421.75,2421.75,2421.75,8,0.0,0.0
2022-08-15 00:00:00-04:00,2377.0,2377.0,2377.0,2377.0,8,0.0,0.0
2022-08-16 00:00:00-04:00,2381.0,2381.0,2381.0,2381.0,8,0.0,0.0
2022-08-17 00:00:00-04:00,2397.75,2397.75,2397.75,2397.75,8,0.0,0.0
2022-08-18 00:00:00-04:00,2393.5,2393.5,2393.5,2393.5,8,0.0,0.0
2022-08-19 00:00:00-04:00,2371.75,2371.75,2371.75,2371.75,8,0.0,0.0
2022-08-22 00:00:00-04:00,2377.25,2377.25,2377.25,2377.25,8,0.0,0.0
2022-08-23 00:00:00-04:00,2412.5,2412.5,2412.5,2412.5,8,0.0,0.0
2022-08-24 00:00:00-04:00,2420.25,2420.25,2420.25,2420.25,8,0.0,0.0
2022-08-25 00:00:00-04:00,2422.5,2422.5,2422.5,2422.5,8,0.0,0.0
2022-08-26 00:00:00-04:00,2484.0,2484.0,2484.0,2484.0,8,0.0,0.0
2022-08-29 00:00:00-04:00,2481.25,2481.25,2481.25,2481.25,4,0.0,0.0
2022-08-30 00:00:00-04:00,2373.5,2373.5,2373.5,2373.5,0,0.0,0.0
2022-08-31 00:00:00-04:00,2341.75,2341.75,2341.75,2341.75,0,0.0,0.0
2022-09-01 00:00:00-04:00,2277.25,2277.25,2277.25,2277.25,0,0.0,0.0
2022-09-02 00:00:00-04:00,2276.5,2276.5,2276.5,2276.5,0,0.0,0.0
2022-09-06 00:00:00-04:00,2248.0,2248.0,2248.0,2248.0,0,0.0,0.0
2022-09-07 00:00:00-04:00,2221.0,2221.0,2221.0,2221.0,0,0.0,0.0
2022-09-08 00:00:00-04:00,2240.25,2240.25,2240.25,2240.25,0,0.0,0.0
2022-09-09 00:00:00-04:00,2275.75,2275.75,2275.75,2275.75,0,0.0,0.0
2022-09-12 00:00:00-04:00,2272.5,2272.5,2272.5,2272.5,0,0.0,0.0
2022-09-13 00:00:00-04:00,2299.5,2299.5,2299.5,2299.5,0,0.0,0.0
2022-09-14 00:00:00-04:00,2259.25,2259.25,2259.25,2259.25,0,0.0,0.0
2022-09-15 00:00:00-04:00,2290.75,2290.75,2290.75,2290.75,0,0.0,0.0
2022-09-16 00:00:00-04:00,2264.25,2264.25,2264.25,2264.25,0,0.0,0.0
2022-09-19 00:00:00-04:00,2235.5,2235.5,2235.5,2235.5,0,0.0,0.0
2022-09-20 00:00:00-04:00,2228.25,2228.25,2228.25,2228.25,1,0.0,0.0
2022-09-21 00:00:00-04:00,2179.75,2179.75,2179.75,2179.75,1,0.0,0.0
2022-09-22 00:00:00-04:00,2207.75,2207.75,2207.75,2207.75,1,0.0,0.0
2022-09-23 00:00:00-04:00,2157.5,2157.5,2157.5,2157.5,1,0.0,0.0
2022-09-26 00:00:00-04:00,2126.25,2126.25,2126.25,2126.25,1,0.0,0.0
2022-09-27 00:00:00-04:00,2098.75,2098.75,2098.75,2098.75,1,0.0,0.0
2022-09-28 00:00:00-04:00,2114.25,2114.25,2114.25,2114.25,56,0.0,0.0
2022-09-29 00:00:00-04:00,2192.75,2192.75,2192.75,2192.75,26,0.0,0.0
2022-09-30 00:00:00-04:00,2157.25,2157.25,2157.25,2157.25,14,0.0,0.0
2022-10-03 00:00:00-04:00,2213.0,2213.0,2213.0,2213.0,1,0.0,0.0
2022-10-04 00:00:00-04:00,2347.25,2347.25,2347.25,2347.25,5,0.0,0.0
2022-10-05 00:00:00-04:00,2359.25,2359.25,2359.25,2359.25,0,0.0,0.0
2022-10-06 00:00:00-04:00,2355.0,2355.0,2355.0,2355.0,0,0.0,0.0
2022-10-07 00:00:00-04:00,2295.75,2295.75,2295.75,2295.75,1,0.0,0.0
2022-10-10 00:00:00-04:00,2258.0,2258.0,2258.0,2258.0,0,0.0,0.0
2022-10-11 00:00:00-04:00,2245.25,2245.25,2245.25,2245.25,5,0.0,0.0
2022-10-12 00:00:00-04:00,2312.25,2312.25,2312.25,2312.25,0,0.0,0.0
2022-10-13 00:00:00-04:00,2388.0,2388.0,2388.0,2388.0,0,0.0,0.0
2022-10-14 00:00:00-04:00,2337.75,2337.75,2337.75,2337.75,0,0.0,0.0
2022-10-17 00:00:00-04:00,2259.75,2259.75,2259.75,2259.75,0,0.0,0.0
2022-10-18 00:00:00-04:00,2204.5,2204.5,2204.5,2204.5,0,0.0,0.0
2022-10-19 00:00:00-04:00,2187.0,2187.0,2187.0,2187.0,0,0.0,0.0
2022-10-20 00:00:00-04:00,2228.25,2228.25,2228.25,2228.25,0,0.0,0.0
2022-10-21 00:00:00-04:00,2223.5,2223.5,2223.5,2223.5,2,0.0,0.0
2022-10-24 00:00:00-04:00,2192.75,2192.75,2192.75,2192.75,0,0.0,0.0
2022-10-25 00:00:00-04:00,2228.5,2228.5,2228.5,2228.5,0,0.0,0.0
2022-10-26 00:00:00-04:00,2352.5,2352.5,2352.5,2352.5,0,0.0,0.0
2022-10-27 00:00:00-04:00,2307.25,2307.25,2307.25,2307.25,18,0.0,0.0
2022-10-28 00:00:00-04:00,2270.0,2270.0,2210.75,2210.75,18,0.0,0.0
2022-10-31 00:00:00-04:00,2229.0,2229.0,2229.0,2229.0,16,0.0,0.0
2022-11-01 00:00:00-04:00,2259.5,2259.5,2259.5,2259.5,0,0.0,0.0
2022-11-02 00:00:00-04:00,2266.5,2266.5,2266.5,2266.5,2,0.0,0.0
2022-11-03 00:00:00-04:00,2282.25,2282.25,2282.25,2282.25,0,0.0,0.0
2022-11-04 00:00:00-04:00,2380.25,2380.25,2380.25,2380.25,3,0.0,0.0
2022-11-07 00:00:00-05:00,2354.5,2354.5,2354.5,2354.5,0,0.0,0.0
2022-11-08 00:00:00-05:00,2391.25,2391.25,2391.25,2391.25,0,0.0,0.0
2022-11-09 00:00:00-05:00,2329.75,2329.75,2329.75,2329.75,0,0.0,0.0
2022-11-10 00:00:00-05:00,2351.5,2351.5,2351.5,2351.5,2,0.0,0.0
2022-11-11 00:00:00-05:00,2475.0,2475.0,2475.0,2475.0,0,0.0,0.0
2022-11-14 00:00:00-05:00,2460.75,2460.75,2460.75,2460.75,0,0.0,0.0
2022-11-15 00:00:00-05:00,2437.0,2437.0,2437.0,2437.0,9,0.0,0.0
2022-11-16 00:00:00-05:00,2412.5,2412.5,2412.5,2412.5,0,0.0,0.0
2022-11-17 00:00:00-05:00,2393.0,2393.0,2393.0,2393.0,0,0.0,0.0
2022-11-18 00:00:00-05:00,2428.0,2428.0,2428.0,2428.0,0,0.0,0.0
2022-11-21 00:00:00-05:00,2379.5,2379.5,2379.5,2379.5,4,0.0,0.0
2022-11-22 00:00:00-05:00,2428.75,2428.75,2428.75,2428.75,4,0.0,0.0
2022-11-23 00:00:00-05:00,2392.0,2392.0,2392.0,2392.0,4,0.0,0.0
2022-11-25 00:00:00-05:00,2367.25,2367.25,2367.25,2367.25,4,0.0,0.0
2022-11-28 00:00:00-05:00,2362.0,2362.0,2362.0,2362.0,0,0.0,0.0
2022-11-29 00:00:00-05:00,2365.25,2365.25,2365.25,2365.25,17,0.0,0.0
2022-11-30 00:00:00-05:00,2460.5,2460.5,2460.5,2460.5,36,0.0,0.0
2022-12-01 00:00:00-05:00,2472.25,2472.25,2472.25,2472.25,0,0.0,0.0
2022-12-02 00:00:00-05:00,2535.0,2535.0,2535.0,2535.0,10,0.0,0.0
2022-12-05 00:00:00-05:00,2509.0,2509.0,2509.0,2509.0,3,0.0,0.0
2022-12-06 00:00:00-05:00,2503.5,2503.5,2503.5,2503.5,1,0.0,0.0
2022-12-07 00:00:00-05:00,2484.25,2484.25,2484.25,2484.25,0,0.0,0.0
2022-12-08 00:00:00-05:00,2496.5,2496.5,2496.5,2496.5,0,0.0,0.0
2022-12-09 00:00:00-05:00,2465.25,2465.25,2465.25,2465.25,0,0.0,0.0
2022-12-12 00:00:00-05:00,2409.25,2409.25,2409.25,2409.25,0,0.0,0.0
2022-12-13 00:00:00-05:00,2458.25,2458.25,2458.25,2458.25,0,0.0,0.0
2022-12-14 00:00:00-05:00,2431.0,2431.0,2431.0,2431.0,0,0.0,0.0
2022-12-15 00:00:00-05:00,2383.0,2383.0,2383.0,2383.0,0,0.0,0.0
2022-12-16 00:00:00-05:00,2388.5,2388.5,2388.5,2388.5,3,0.0,0.0
2022-12-19 00:00:00-05:00,2364.25,2364.25,2364.25,2364.25,3,0.0,0.0
2022-12-20 00:00:00-05:00,2377.0,2377.0,2377.0,2377.0,3,0.0,0.0
2022-12-21 00:00:00-05:00,2402.0,2402.0,2402.0,2402.0,3,0.0,0.0
2022-12-22 00:00:00-05:00,2421.5,2421.5,2421.5,2421.5,3,0.0,0.0
2022-12-23 00:00:00-05:00,2413.5,2413.5,2413.5,2413.5,3,0.0,0.0
2022-12-27 00:00:00-05:00,2411.25,2411.25,2411.25,2411.25,3,0.0,0.0
2022-12-28 00:00:00-05:00,2396.0,2396.0,2396.0,2396.0,24,0.0,0.0
2022-12-29 00:00:00-05:00,2426.5,2426.5,2426.5,2426.5,408,0.0,0.0
2022-12-30 00:00:00-05:00,2418.0,2418.0,2410.25,2410.25,4,0.0,0.0
2023-01-03 00:00:00-05:00,2325.25,2325.25,2325.25,2325.25,0,0.0,0.0
2023-01-04 00:00:00-05:00,2270.0,2270.0,2270.0,2270.0,8,0.0,0.0
2023-01-05 00:00:00-05:00,2262.75,2262.75,2262.75,2262.75,8,0.0,0.0
2023-01-06 00:00:00-05:00,2285.25,2285.25,2285.25,2285.25,8,0.0,0.0
2023-01-09 00:00:00-05:00,2443.25,2443.25,2443.25,2443.25,8,0.0,0.0
2023-01-10 00:00:00-05:00,2465.0,2465.0,2465.0,2465.0,8,0.0,0.0
2023-01-11 00:00:00-05:00,2506.25,2506.25,2506.25,2506.25,8,0.0,0.0
2023-01-12 00:00:00-05:00,2551.0,2551.0,2551.0,2551.0,8,0.0,0.0
2023-01-13 00:00:00-05:00,2602.0,2602.0,2602.0,2602.0,8,0.0,0.0
2023-01-17 00:00:00-05:00,2628.25,2628.25,2628.25,2628.25,8,0.0,0.0
2023-01-18 00:00:00-05:00,2643.75,2643.75,2643.75,2643.75,8,0.0,0.0
2023-01-19 00:00:00-05:00,2589.75,2589.75,2589.75,2589.75,8,0.0,0.0
2023-01-20 00:00:00-05:00,2608.75,2608.75,2608.75,2608.75,8,0.0,0.0
2023-01-23 00:00:00-05:00,2650.5,2650.5,2650.5,2650.5,2,0.0,0.0
2023-01-24 00:00:00-05:00,2665.0,2665.0,2665.0,2665.0,2,0.0,0.0
2023-01-25 00:00:00-05:00,2670.75,2670.75,2670.75,2670.75,0,0.0,0.0
2023-01-26 00:00:00-05:00,2656.5,2656.5,2656.5,2656.5,0,0.0,0.0
2023-01-27 00:00:00-05:00,2638.75,2638.75,2638.75,2638.75,16,0.0,0.0
2023-01-30 00:00:00-05:00,2595.0,2595.0,2595.0,2595.0,16,0.0,0.0
2023-01-31 00:00:00-05:00,2639.0,2639.0,2639.0,2639.0,16,0.0,0.0
2023-02-01 00:00:00-05:00,2608.5,2608.5,2608.5,2608.5,4,0.0,0.0
2023-02-02 00:00:00-05:00,2605.5,2605.5,2605.5,2605.5,4,0.0,0.0
2023-02-03 00:00:00-05:00,2550.0,2550.0,2550.0,2550.0,4,0.0,0.0
2023-02-06 00:00:00-05:00,2515.75,2515.75,2515.75,2515.75,4,0.0,0.0
2023-02-07 00:00:00-05:00,2518.5,2518.5,2518.5,2518.5,4,0.0,0.0
2023-02-08 00:00:00-05:00,2468.25,2468.25,2468.25,2468.25,5,0.0,0.0
2023-02-09 00:00:00-05:00,2487.5,2487.5,2487.5,2487.5,22,0.0,0.0
2023-02-10 00:00:00-05:00,2429.0,2429.0,2429.0,2429.0,0,0.0,0.0
2023-02-13 00:00:00-05:00,2389.0,2389.0,2389.0,2389.0,0,0.0,0.0
2023-02-14 00:00:00-05:00,2381.0,2381.0,2381.0,2381.0,5,0.0,0.0
2023-02-15 00:00:00-05:00,2354.75,2354.75,2354.75,2354.75,11,0.0,0.0
2023-02-16 00:00:00-05:00,2362.5,2362.5,2362.5,2362.5,0,0.0,0.0
2023-02-17 00:00:00-05:00,2343.75,2343.75,2343.75,2343.75,0,0.0,0.0
2023-02-21 00:00:00-05:00,2411.5,2411.5,2411.5,2411.5,0,0.0,0.0
2023-02-22 00:00:00-05:00,2361.5,2361.5,2361.5,2361.5,5,0.0,0.0
2023-02-23 00:00:00-05:00,2339.75,2339.75,2339.75,2339.75,0,0.0,0.0
2023-02-24 00:00:00-05:00,2294.5,2294.5,2294.5,2294.5,132,0.0,0.0
2023-02-27 00:00:00-05:00,2327.0,2327.0,2327.0,2327.0,44,0.0,0.0
2023-02-28 00:00:00-05:00,2323.5,2323.5,2323.5,2323.5,0,0.0,0.0
2023-03-01 00:00:00-05:00,2379.25,2379.25,2379.25,2379.25,7,0.0,0.0
2023-03-02 00:00:00-05:00,2367.25,2367.25,2367.25,2367.25,0,0.0,0.0
2023-03-03 00:00:00-05:00,2369.75,2369.75,2369.75,2369.75,0,0.0,0.0
2023-03-06 00:00:00-05:00,2368.75,2368.75,2368.75,2368.75,0,0.0,0.0
2023-03-07 00:00:00-05:00,2328.75,2328.75,2328.75,2328.75,0,0.0,0.0
2023-03-08 00:00:00-05:00,2327.5,2327.5,2327.5,2327.5,6,0.0,0.0
2023-03-09 00:00:00-05:00,2306.0,2306.0,2306.0,2306.0,0,0.0,0.0
2023-03-10 00:00:00-05:00,2291.75,2291.75,2291.75,2291.75,0,0.0,0.0
2023-03-13 00:00:00-04:00,2299.5,2299.5,2299.5,2299.5,10,0.0,0.0
2023-03-14 00:00:00-04:00,2316.75,2316.75,2316.75,2316.75,0,0.0,0.0
2023-03-15 00:00:00-04:00,2242.5,2242.5,2233.5,2242.5,2,0.0,0.0
2023-03-16 00:00:00-04:00,2233.25,2233.25,2233.25,2233.25,2,0.0,0.0
2023-03-17 00:00:00-04:00,2229.25,2229.25,2229.25,2229.25,0,0.0,0.0
2023-03-20 00:00:00-04:00,2240.5,2261.0,2240.5,2240.5,2,0.0,0.0
2023-03-21 00:00:00-04:00,2243.75,2243.75,2243.75,2243.75,0,0.0,0.0
2023-03-22 00:00:00-04:00,2266.25,2266.25,2266.25,2266.25,0,0.0,0.0
2023-03-23 00:00:00-04:00,2298.5,2298.5,2298.5,2298.5,11,0.0,0.0
2023-03-24 00:00:00-04:00,2308.0,2308.0,2308.0,2308.0,14,0.0,0.0
2023-03-27 00:00:00-04:00,2341.75,2341.75,2341.75,2341.75,62,0.0,0.0
2023-03-28 00:00:00-04:00,2370.25,2370.25,2370.25,2370.25,23,0.0,0.0
2023-03-29 00:00:00-04:00,2360.0,2360.0,2360.0,2360.0,228,0.0,0.0
2023-03-30 00:00:00-04:00,2363.5,2363.5,2363.5,2363.5,156,0.0,0.0
2023-03-31 00:00:00-04:00,2383.75,2383.75,2383.75,2383.75,75,0.0,0.0
2023-04-03 00:00:00-04:00,2378.75,2378.75,2378.75,2378.75,16,0.0,0.0
2023-04-04 00:00:00-04:00,2348.25,2348.25,2348.25,2348.25,16,0.0,0.0
2023-04-05 00:00:00-04:00,2315.5,2315.5,2315.5,2315.5,30,0.0,0.0
2023-04-06 00:00:00-04:00,2325.0,2325.0,2325.0,2325.0,0,0.0,0.0
2023-04-10 00:00:00-04:00,2324.75,2324.75,2324.75,2324.75,16,0.0,0.0
2023-04-11 00:00:00-04:00,2295.25,2295.25,2295.25,2295.25,19,0.0,0.0
2023-04-12 00:00:00-04:00,2316.0,2316.0,2316.0,2316.0,16,0.0,0.0
2023-04-13 00:00:00-04:00,2365.75,2365.75,2365.75,2365.75,22,0.0,0.0
2023-04-14 00:00:00-04:00,2379.0,2379.0,2379.0,2379.0,16,0.0,0.0
2023-04-17 00:00:00-04:00,2375.0,2377.75,2375.0,2377.75,23,0.0,0.0
2023-04-18 00:00:00-04:00,2428.75,2428.75,2428.75,2428.75,16,0.0,0.0
2023-04-19 00:00:00-04:00,2442.5,2442.5,2442.5,2442.5,16,0.0,0.0
2023-04-20 00:00:00-04:00,2422.25,2422.25,2422.25,2422.25,16,0.0,0.0
2023-04-21 00:00:00-04:00,2386.75,2386.75,2386.75,2386.75,18,0.0,0.0
2023-04-24 00:00:00-04:00,2375.25,2375.25,2375.25,2375.25,16,0.0,0.0
2023-04-25 00:00:00-04:00,2329.25,2329.25,2329.25,2329.25,16,0.0,0.0
2023-04-26 00:00:00-04:00,2318.5,2318.5,2318.5,2318.5,16,0.0,0.0
2023-04-27 00:00:00-04:00,2311.5,2311.5,2311.5,2311.5,96,0.0,0.0
2023-04-28 00:00:00-04:00,2314.75,2380.25,2314.75,2359.75,31,0.0,0.0
2023-05-01 00:00:00-04:00,2390.75,2390.75,2390.75,2390.75,13,0.0,0.0
2023-05-02 00:00:00-04:00,2382.75,2382.75,2382.75,2382.75,18,0.0,0.0
2023-05-03 00:00:00-04:00,2355.0,2355.0,2330.75,2330.75,16,0.0,0.0
2023-05-04 00:00:00-04:00,2300.5,2300.5,2300.5,2300.5,16,0.0,0.0
2023-05-05 00:00:00-04:00,2329.5,2329.5,2329.5,2329.5,16,0.0,0.0
2023-05-08 00:00:00-04:00,2314.25,2314.25,2314.25,2314.25,16,0.0,0.0
2023-05-09 00:00:00-04:00,2333.75,2333.75,2333.75,2333.75,16,0.0,0.0
2023-05-10 00:00:00-04:00,2284.75,2284.75,2284.75,2284.75,16,0.0,0.0
2023-05-11 00:00:00-04:00,2216.5,2216.5,2216.5,2216.5,16,0.0,0.0
2023-05-12 00:00:00-04:00,2238.25,2238.25,2238.25,2238.25,18,0.0,0.0
2023-05-15 00:00:00-04:00,2254.5,2254.5,2250.25,2250.25,21,0.0,0.0
2023-05-16 00:00:00-04:00,2260.0,2260.0,2260.0,2260.0,16,0.0,0.0
2023-05-17 00:00:00-04:00,2295.75,2295.75,2295.75,2295.75,16,0.0,0.0
2023-05-18 00:00:00-04:00,2286.75,2286.75,2286.75,2286.75,16,0.0,0.0
2023-05-19 00:00:00-04:00,2300.0,2300.0,2287.0,2300.0,17,0.0,0.0
2023-05-22 00:00:00-04:00,2290.5,2290.5,2290.5,2290.5,23,0.0,0.0
2023-05-23 00:00:00-04:00,2240.5,2255.0,2240.25,2255.0,19,0.0,0.0
2023-05-24 00:00:00-04:00,2228.5,2231.25,2228.5,2230.0,21,0.0,0.0
2023-05-25 00:00:00-04:00,2231.5,2233.25,2231.5,2233.25,16,0.0,0.0
2023-05-26 00:00:00-04:00,2245.0,2245.0,2245.0,2245.0,228,0.0,0.0
2023-05-30 00:00:00-04:00,2227.75,2227.75,2227.75,2227.75,39,0.0,0.0
2023-05-31 00:00:00-04:00,2255.5,2255.5,2255.5,2255.5,18,0.0,0.0
2023-06-01 00:00:00-04:00,2299.25,2299.25,2299.25,2299.25,16,0.0,0.0
2023-06-02 00:00:00-04:00,2269.5,2269.5,2269.5,2269.5,16,0.0,0.0
2023-06-05 00:00:00-04:00,2240.5,2240.5,2240.5,2240.5,16,0.0,0.0
2023-06-06 00:00:00-04:00,2204.75,2204.75,2204.75,2204.75,16,0.0,0.0
2023-06-07 00:00:00-04:00,2209.25,2209.25,2197.0,2207.25,78,0.0,0.0
2023-06-08 00:00:00-04:00,2240.75,2240.75,2240.75,2240.75,16,0.0,0.0
2023-06-09 00:00:00-04:00,2254.25,2254.25,2254.25,2254.25,16,0.0,0.0
2023-06-12 00:00:00-04:00,2211.25,2211.25,2211.25,2211.25,16,0.0,0.0
2023-06-13 00:00:00-04:00,2220.75,2220.75,2220.75,2220.75,20,0.0,0.0
2023-06-14 00:00:00-04:00,2243.75,2243.75,2243.75,2243.75,26,0.0,0.0
2023-06-15 00:00:00-04:00,2227.75,2227.75,2227.75,2227.75,16,0.0,0.0
2023-06-16 00:00:00-04:00,2252.5,2252.5,2252.5,2252.5,16,0.0,0.0
2023-06-20 00:00:00-04:00,2217.5,2217.5,2217.5,2217.5,16,0.0,0.0
2023-06-21 00:00:00-04:00,2223.0,2223.0,2223.0,2223.0,16,0.0,0.0
2023-06-22 00:00:00-04:00,2203.0,2203.0,2203.0,2203.0,16,0.0,0.0
2023-06-23 00:00:00-04:00,2168.25,2168.25,2168.25,2168.25,30,0.0,0.0
2023-06-26 00:00:00-04:00,2149.5,2149.5,2149.5,2149.5,16,0.0,0.0
2023-06-27 00:00:00-04:00,2170.0,2173.0,2159.5,2170.0,166,0.0,0.0
2023-06-28 00:00:00-04:00,2148.25,2148.25,2148.25,2148.25,100,0.0,0.0
2023-06-29 00:00:00-04:00,2135.25,2140.0,2126.0,2126.0,109,0.0,0.0
2023-06-30 00:00:00-04:00,2097.0,2129.25,2097.0,2114.75,93,0.0,0.0
2023-07-03 00:00:00-04:00,2111.5,2114.0,2111.5,2112.75,18,0.0,0.0
2023-07-05 00:00:00-04:00,2120.0,2120.75,2119.25,2119.25,18,0.0,0.0
2023-07-06 00:00:00-04:00,2111.0,2111.0,2103.0,2103.0,21,0.0,0.0
2023-07-07 00:00:00-04:00,2111.25,2111.25,2111.25,2111.25,16,0.0,0.0
2023-07-10 00:00:00-04:00,2115.5,2115.5,2115.5,2115.5,16,0.0,0.0
2023-07-11 00:00:00-04:00,2127.5,2127.5,2127.5,2127.5,16,0.0,0.0
2023-07-12 00:00:00-04:00,2193.75,2193.75,2193.75,2193.75,16,0.0,0.0
2023-07-13 00:00:00-04:00,2242.0,2242.0,2242.0,2242.0,16,0.0,0.0
2023-07-14 00:00:00-04:00,2235.0,2235.0,2235.0,2235.0,16,0.0,0.0
2023-07-17 00:00:00-04:00,2207.0,2207.0,2207.0,2207.0,36,0.0,0.0
2023-07-18 00:00:00-04:00,2164.25,2164.25,2164.25,2164.25,26,0.0,0.0
2023-07-19 00:00:00-04:00,2137.25,2137.25,2137.25,2137.25,16,0.0,0.0
2023-07-20 00:00:00-04:00,2143.25,2143.25,2143.25,2143.25,16,0.0,0.0
2023-07-21 00:00:00-04:00,2148.0,2148.0,2148.0,2148.0,16,0.0,0.0
2023-07-24 00:00:00-04:00,2153.75,2153.75,2153.75,2153.75,16,0.0,0.0
2023-07-25 00:00:00-04:00,2184.0,2184.0,2184.0,2184.0,15,0.0,0.0
2023-07-26 00:00:00-04:00,2155.5,2155.5,2155.5,2155.5,15,0.0,0.0
2023-07-27 00:00:00-04:00,2151.75,2151.75,2151.75,2151.75,26,0.0,0.0
2023-07-28 00:00:00-04:00,2177.5,2184.5,2177.5,2178.5,44,0.0,0.0
2023-07-31 00:00:00-04:00,2230.5,2230.5,2230.5,2230.5,21,0.0,0.0
2023-08-01 00:00:00-04:00,2198.5,2198.5,2198.5,2198.5,34,0.0,0.0
2023-08-02 00:00:00-04:00,2150.5,2150.5,2150.5,2150.5,33,0.0,0.0
2023-08-03 00:00:00-04:00,2168.25,2168.25,2168.25,2168.25,33,0.0,0.0
2023-08-04 00:00:00-04:00,2172.0,2172.0,2172.0,2172.0,20,0.0,0.0
2023-08-07 00:00:00-04:00,2166.75,2166.75,2166.75,2166.75,16,0.0,0.0
2023-08-08 00:00:00-04:00,2133.0,2133.0,2133.0,2133.0,20,0.0,0.0
2023-08-09 00:00:00-04:00,2122.75,2122.75,2122.75,2122.75,20,0.0,0.0
2023-08-10 00:00:00-04:00,2134.25,2165.0,2134.25,2154.75,214,0.0,0.0
2023-08-11 00:00:00-04:00,2115.25,2115.25,2115.25,2115.25,22,0.0,0.0
2023-08-14 00:00:00-04:00,2081.0,2081.0,2081.0,2081.0,22,0.0,0.0
2023-08-15 00:00:00-04:00,2075.5,2075.5,2075.5,2075.5,23,0.0,0.0
2023-08-16 00:00:00-04:00,2073.25,2073.25,2073.25,2073.25,22,0.0,0.0
2023-08-17 00:00:00-04:00,2090.5,2090.5,2090.5,2090.5,22,0.0,0.0
2023-08-18 00:00:00-04:00,2081.0,2081.0,2081.0,2081.0,20,0.0,0.0
2023-08-21 00:00:00-04:00,2082.75,2082.75,2082.75,2082.75,20,0.0,0.0
2023-08-22 00:00:00-04:00,2114.25,2114.25,2114.25,2114.25,20,0.0,0.0
2023-08-23 00:00:00-04:00,2131.0,2131.0,2131.0,2131.0,20,0.0,0.0
2023-08-24 00:00:00-04:00,2111.25,2111.25,2111.25,2111.25,24,0.0,0.0
2023-08-25 00:00:00-04:00,2108.75,2108.75,2108.75,2108.75,56,0.0,0.0
2023-08-28 00:00:00-04:00,2139.25,2139.25,2139.25,2139.25,0,0.0,0.0
2023-08-29 00:00:00-04:00,2125.25,2125.25,2125.25,2125.25,45,0.0,0.0
2023-08-30 00:00:00-04:00,2143.5,2171.0,2143.5,2165.25,45,0.0,0.0
2023-08-31 00:00:00-04:00,2175.5,2175.5,2175.5,2175.5,20,0.0,0.0
2023-09-01 00:00:00-04:00,2189.5,2216.5,2189.5,2216.25,57,0.0,0.0
2023-09-05 00:00:00-04:00,2173.5,2180.0,2172.5,2180.0,37,0.0,0.0
2023-09-06 00:00:00-04:00,2193.5,2199.5,2173.0,2175.5,86,0.0,0.0
2023-09-07 00:00:00-04:00,2173.5,2173.5,2168.5,2171.25,57,0.0,0.0
2023-09-08 00:00:00-04:00,2154.75,2154.75,2154.75,2154.75,25,0.0,0.0
2023-09-11 00:00:00-04:00,2179.25,2179.25,2179.25,2179.25,20,0.0,0.0
2023-09-12 00:00:00-04:00,2182.0,2192.25,2172.0,2192.25,75,0.0,0.0
2023-09-13 00:00:00-04:00,2198.5,2203.5,2188.25,2201.25,26,0.0,0.0
2023-09-14 00:00:00-04:00,2208.0,2208.0,2202.25,2202.25,24,0.0,0.0
2023-09-15 00:00:00-04:00,2166.75,2167.25,2160.0,2167.25,31,0.0,0.0
2023-09-18 00:00:00-04:00,2202.0,2202.0,2202.0,2202.0,24,0.0,0.0
2023-09-19 00:00:00-04:00,2188.75,2188.75,2188.75,2188.75,20,0.0,0.0
2023-09-20 00:00:00-04:00,2236.0,2236.0,2236.0,2236.0,55,0.0,0.0
2023-09-21 00:00:00-04:00,2188.75,2188.75,2188.75,2188.75,20,0.0,0.0
2023-09-22 00:00:00-04:00,2215.5,2215.5,2215.5,2215.5,20,0.0,0.0
2023-09-25 00:00:00-04:00,2209.0,2209.0,2209.0,2209.0,27,0.0,0.0
2023-09-26 00:00:00-04:00,2228.25,2228.25,2228.25,2228.25,68,0.0,0.0
2023-09-27 00:00:00-04:00,2215.0,2232.75,2215.0,2232.75,4,0.0,0.0
2023-09-28 00:00:00-04:00,2262.5,2271.75,2262.5,2271.75,37,0.0,0.0
2023-09-29 00:00:00-04:00,2339.0,2340.0,2329.5,2329.5,94,0.0,0.0
2023-10-02 00:00:00-04:00,2310.25,2310.25,2310.25,2310.25,20,0.0,0.0
2023-10-03 00:00:00-04:00,2274.75,2287.0,2273.0,2287.0,5,0.0,0.0
2023-10-04 00:00:00-04:00,2242.25,2242.25,2242.25,2242.25,20,0.0,0.0
2023-10-05 00:00:00-04:00,2224.5,2224.5,2224.5,2224.5,20,0.0,0.0
2023-10-06 00:00:00-04:00,2227.25,2227.25,2227.25,2227.25,24,0.0,0.0
2023-10-09 00:00:00-04:00,2224.75,2224.75,2224.75,2224.75,20,0.0,0.0
2023-10-10 00:00:00-04:00,2202.25,2202.25,2198.0,2198.0,23,0.0,0.0
2023-10-11 00:00:00-04:00,2196.25,2196.25,2196.25,2196.25,20,0.0,0.0
2023-10-12 00:00:00-04:00,2185.5,2185.5,2185.5,2185.5,21,0.0,0.0
2023-10-13 00:00:00-04:00,2181.5,2181.5,2181.5,2181.5,20,0.0,0.0
2023-10-16 00:00:00-04:00,2169.25,2169.25,2169.25,2169.25,20,0.0,0.0
2023-10-17 00:00:00-04:00,2166.5,2166.5,2166.5,2166.5,20,0.0,0.0
2023-10-18 00:00:00-04:00,2175.75,2175.75,2175.75,2175.75,20,0.0,0.0
2023-10-19 00:00:00-04:00,2184.0,2184.0,2184.0,2184.0,20,0.0,0.0
2023-10-20 00:00:00-04:00,2177.0,2177.0,2177.0,2177.0,20,0.0,0.0
2023-10-23 00:00:00-04:00,2174.25,2174.25,2174.25,2174.25,20,0.0,0.0
2023-10-24 00:00:00-04:00,2184.0,2184.0,2184.0,2184.0,20,0.0,0.0
2023-10-25 00:00:00-04:00,2213.25,2213.25,2213.25,2213.25,20,0.0,0.0
2023-10-26 00:00:00-04:00,2193.5,2193.5,2193.5,2193.5,20,0.0,0.0
2023-10-27 00:00:00-04:00,2222.75,2222.75,2222.75,2222.75,25,0.0,0.0
2023-10-30 00:00:00-04:00,2246.5,2266.0,2245.5,2263.75,99,0.0,0.0
2023-10-31 00:00:00-04:00,2257.0,2257.0,2251.5,2251.5,22,0.0,0.0
2023-11-01 00:00:00-04:00,2235.25,2235.25,2235.25,2235.25,20,0.0,0.0
2023-11-02 00:00:00-04:00,2221.25,2221.25,2221.25,2221.25,20,0.0,0.0
2023-11-03 00:00:00-04:00,2246.0,2246.0,2246.0,2246.0,20,0.0,0.0
2023-11-06 00:00:00-05:00,2271.75,2282.25,2271.75,2275.5,22,0.0,0.0
2023-11-07 00:00:00-05:00,2250.75,2251.5,2250.75,2251.5,1,0.0,0.0
2023-11-08 00:00:00-05:00,2251.25,2251.25,2251.25,2251.25,20,0.0,0.0
2023-11-09 00:00:00-05:00,2232.0,2232.0,2232.0,2232.0,20,0.0,0.0
2023-11-10 00:00:00-05:00,2206.0,2206.0,2206.0,2206.0,20,0.0,0.0
2023-11-13 00:00:00-05:00,2216.5,2216.5,2216.5,2216.5,20,0.0,0.0
2023-11-14 00:00:00-05:00,2202.0,2209.0,2191.25,2204.0,29,0.0,0.0
2023-11-15 00:00:00-05:00,2199.75,2199.75,2199.75,2199.75,26,0.0,0.0
2023-11-16 00:00:00-05:00,2179.75,2179.75,2179.75,2179.75,20,0.0,0.0
2023-11-17 00:00:00-05:00,2177.5,2177.5,2177.5,2177.5,24,0.0,0.0
2023-11-20 00:00:00-05:00,2205.5,2208.0,2205.5,2208.0,24,0.0,0.0
2023-11-21 00:00:00-05:00,2219.25,2219.25,2219.25,2219.25,20,0.0,0.0
2023-11-22 00:00:00-05:00,2188.0,2188.0,2188.0,2188.0,20,0.0,0.0
2023-11-24 00:00:00-05:00,2191.0,2200.25,2191.0,2200.25,22,0.0,0.0
2023-11-27 00:00:00-05:00,2209.5,2209.5,2175.5,2184.75,25,0.0,0.0
2023-11-28 00:00:00-05:00,2188.5,2188.5,2188.5,2188.5,27,0.0,0.0
2023-11-29 00:00:00-05:00,2171.5,2171.5,2171.5,2171.5,26,0.0,0.0
2023-11-30 00:00:00-05:00,2160.25,2160.25,2160.25,2160.25,20,0.0,0.0
2023-12-01 00:00:00-05:00,2174.5,2174.5,2174.5,2174.5,20,0.0,0.0
2023-12-04 00:00:00-05:00,2148.75,2148.75,2148.75,2148.75,20,0.0,0.0
2023-12-05 00:00:00-05:00,2126.0,2126.0,2126.0,2126.0,20,0.0,0.0
2023-12-06 00:00:00-05:00,2109.75,2109.75,2109.75,2109.75,20,0.0,0.0
2023-12-07 00:00:00-05:00,2092.5,2092.5,2092.5,2092.5,35,0.0,0.0
2023-12-08 00:00:00-05:00,2133.0,2133.0,2109.0,2109.0,25,0.0,0.0
2023-12-11 00:00:00-05:00,2093.5,2093.5,2082.75,2093.25,24,0.0,0.0
2023-12-12 00:00:00-05:00,2093.25,2093.25,2093.25,2093.25,20,0.0,0.0
2023-12-13 00:00:00-05:00,2094.5,2113.5,2094.5,2113.5,22,0.0,0.0
2023-12-14 00:00:00-05:00,2175.0,2175.0,2175.0,2175.0,21,0.0,0.0
2023-12-15 00:00:00-05:00,2207.5,2207.5,2207.5,2207.5,20,0.0,0.0
2023-12-18 00:00:00-05:00,2237.75,2237.75,2237.75,2237.75,21,0.0,0.0
2023-12-19 00:00:00-05:00,2224.25,2224.25,2209.75,2211.25,23,0.0,0.0
2023-12-20 00:00:00-05:00,2187.75,2187.75,2187.75,2187.75,20,0.0,0.0
2023-12-21 00:00:00-05:00,2184.25,2184.25,2184.25,2184.25,20,0.0,0.0
2023-12-22 00:00:00-05:00,2268.0,2268.0,2268.0,2268.0,21,0.0,0.0
2023-12-26 00:00:00-05:00,2251.5,2251.5,2251.5,2251.5,0,0.0,0.0
2023-12-27 00:00:00-05:00,2327.5,2327.5,2327.5,2327.5,12,0.0,0.0
2023-12-28 00:00:00-05:00,2317.0,2327.0,2313.0,2319.0,57,0.0,0.0
2023-12-29 00:00:00-05:00,2332.5,2346.5,2332.25,2332.25,33,0.0,0.0
2024-01-02 00:00:00-05:00,2284.5,2284.5,2278.75,2278.75,23,0.0,0.0
2024-01-03 00:00:00-05:00,2251.0,2251.0,2251.0,2251.0,33,0.0,0.0
2024-01-04 00:00:00-05:00,2218.75,2218.75,2218.25,2218.25,22,0.0,0.0
2024-01-05 00:00:00-05:00,2203.0,2203.0,2203.0,2203.0,20,0.0,0.0
2024-01-08 00:00:00-05:00,2168.5,2168.5,2168.5,2168.5,20,0.0,0.0
2024-01-09 00:00:00-05:00,2180.25,2189.0,2180.25,2182.5,26,0.0,0.0
2024-01-10 00:00:00-05:00,2181.75,2181.75,2178.5,2178.5,25,0.0,0.0
2024-01-11 00:00:00-05:00,2179.75,2179.75,2179.75,2179.75,0,0.0,0.0
2024-01-12 00:00:00-05:00,2167.5,2167.5,2167.5,2167.5,99,0.0,0.0
2024-01-16 00:00:00-05:00,2161.75,2161.75,2161.75,2161.75,177,0.0,0.0
2024-01-17 00:00:00-05:00,2148.75,2148.75,2148.75,2148.75,83,0.0,0.0
2024-01-18 00:00:00-05:00,2136.5,2136.5,2136.5,2136.5,20,0.0,0.0
2024-01-19 00:00:00-05:00,2127.5,2127.5,2127.5,2127.5,20,0.0,0.0
2024-01-22 00:00:00-05:00,2127.5,2127.5,2127.5,2127.5,20,0.0,0.0
2024-01-23 00:00:00-05:00,2184.25,2184.25,2184.25,2184.25,20,0.0,0.0
2024-01-24 00:00:00-05:00,2186.25,2186.25,2186.25,2186.25,20,0.0,0.0
2024-01-25 00:00:00-05:00,2194.5,2194.5,2194.5,2194.5,20,0.0,0.0
2024-01-26 00:00:00-05:00,2226.0,2226.0,2226.0,2226.0,20,0.0,0.0
2024-01-29 00:00:00-05:00,2219.5,2219.5,2219.5,2219.5,22,0.0,0.0
2024-01-30 00:00:00-05:00,2227.5,2227.5,2227.5,2227.5,23,0.0,0.0
2024-01-31 00:00:00-05:00,2234.5,2243.0,2234.5,2235.5,49,0.0,0.0
2024-02-01 00:00:00-05:00,2215.0,2215.0,2203.5,2209.25,335,0.0,0.0
2024-02-02 00:00:00-05:00,2196.75,2196.75,2196.75,2196.75,3,0.0,0.0
2024-02-05 00:00:00-05:00,2176.75,2176.75,2176.75,2176.75,0,0.0,0.0
2024-02-06 00:00:00-05:00,2199.0,2199.0,2199.0,2199.0,2,0.0,0.0
2024-02-07 00:00:00-05:00,2188.5,2188.5,2188.5,2188.5,0,0.0,0.0
2024-02-08 00:00:00-05:00,2189.75,2189.75,2189.75,2189.75,0,0.0,0.0
2024-02-09 00:00:00-05:00,2182.0,2182.0,2182.0,2182.0,0,0.0,0.0
2024-02-12 00:00:00-05:00,2191.25,2191.25,2191.25,2191.25,0,0.0,0.0
2024-02-13 00:00:00-05:00,2186.0,2186.0,2186.0,2186.0,0,0.0,0.0
2024-02-14 00:00:00-05:00,2202.0,2202.0,2202.0,2202.0,0,0.0,0.0
2024-02-15 00:00:00-05:00,2186.5,2186.5,2186.5,2186.5,0,0.0,0.0
2024-02-16 00:00:00-05:00,2176.25,2176.25,2176.25,2176.25,0,0.0,0.0
2024-02-20 00:00:00-05:00,2148.5,2148.5,2148.5,2148.5,0,0.0,0.0
2024-02-21 00:00:00-05:00,2175.5,2175.5,2175.5,2175.5,0,0.0,0.0
2024-02-22 00:00:00-05:00,2144.25,2144.25,2144.25,2144.25,0,0.0,0.0
2024-02-23 00:00:00-05:00,2131.25,2131.25,2131.25,2131.25,0,0.0,0.0
2024-02-26 00:00:00-05:00,2129.25,2129.25,2129.25,2129.25,0,0.0,0.0
2024-02-27 00:00:00-05:00,2131.75,2131.75,2131.75,2131.75,13,0.0,0.0
2024-02-28 00:00:00-05:00,2132.0,2132.0,2128.0,2132.0,14,0.0,0.0
2024-02-29 00:00:00-05:00,2167.5,2167.5,2164.0,2167.5,59,0.0,0.0
2024-03-01 00:00:00-05:00,2177.0,2188.5,2177.0,2188.5,9,0.0,0.0
2024-03-04 00:00:00-05:00,2173.0,2174.75,2159.0,2174.75,58,0.0,0.0
2024-03-05 00:00:00-05:00,2168.0,2176.5,2166.25,2166.25,27,0.0,0.0
2024-03-06 00:00:00-05:00,2167.5,2200.0,2163.0,2189.75,134,0.0,0.0
2024-03-07 00:00:00-05:00,2201.5,2201.5,2201.5,2201.5,0,0.0,0.0
2024-03-08 00:00:00-05:00,2200.0,2204.0,2193.5,2193.5,18,0.0,0.0
2024-03-11 00:00:00-04:00,2210.5,2210.5,2210.5,2210.5,0,0.0,0.0
2024-03-12 00:00:00-04:00,2216.5,2216.5,2216.5,2216.5,0,0.0,0.0
2024-03-13 00:00:00-04:00,2207.5,2218.0,2202.25,2211.0,11,0.0,0.0
2024-03-14 00:00:00-04:00,2193.0,2193.0,2193.0,2193.0,0,0.0,0.0
2024-03-15 00:00:00-04:00,2214.0,2214.0,2214.0,2214.0,0,0.0,0.0
2024-03-18 00:00:00-04:00,2213.5,2213.5,2213.5,2213.5,0,0.0,0.0
2024-03-19 00:00:00-04:00,2203.5,2203.5,2203.5,2203.5,1,0.0,0.0
2024-03-20 00:00:00-04:00,2212.75,2212.75,2212.75,2212.75,1,0.0,0.0
2024-03-21 00:00:00-04:00,2237.0,2237.0,2237.0,2237.0,0,0.0,0.0
2024-03-22 00:00:00-04:00,2251.25,2251.25,2251.25,2251.25,0,0.0,0.0
2024-03-25 00:00:00-04:00,2268.0,2268.0,2268.0,2268.0,0,0.0,0.0
2024-03-26 00:00:00-04:00,2246.0,2246.0,2246.0,2246.0,10,0.0,0.0
2024-03-27 00:00:00-04:00,2245.0,2247.0,2243.25,2247.0,74,0.0,0.0
2024-03-28 00:00:00-04:00,2284.25,2284.25,2284.25,2284.25,0,0.0,0.0
2024-04-01 00:00:00-04:00,2289.25,2289.25,2289.25,2289.25,0,0.0,0.0
2024-04-02 00:00:00-04:00,2326.5,2326.5,2326.5,2326.5,0,0.0,0.0
2024-04-03 00:00:00-04:00,2352.25,2372.0,2352.25,2372.0,7,0.0,0.0
2024-04-04 00:00:00-04:00,2386.75,2386.75,2386.75,2386.75,7,0.0,0.0
2024-04-05 00:00:00-04:00,2395.25,2395.25,2395.25,2395.25,7,0.0,0.0
2024-04-08 00:00:00-04:00,2405.5,2405.5,2405.5,2405.5,7,0.0,0.0
2024-04-09 00:00:00-04:00,2401.5,2407.25,2400.75,2407.25,9,0.0,0.0
2024-04-10 00:00:00-04:00,2428.25,2428.25,2397.25,2397.25,1,0.0,0.0
2024-04-11 00:00:00-04:00,2398.75,2398.75,2398.75,2398.75,0,0.0,0.0
2024-04-12 00:00:00-04:00,2436.25,2436.25,2436.25,2436.25,0,0.0,0.0
2024-04-15 00:00:00-04:00,2492.0,2560.5,2492.0,2521.25,43,0.0,0.0
2024-04-16 00:00:00-04:00,2497.5,2515.75,2497.5,2515.75,9,0.0,0.0
2024-04-17 00:00:00-04:00,2545.25,2591.0,2545.25,2590.5,26,0.0,0.0
2024-04-18 00:00:00-04:00,2601.5,2601.5,2601.5,2601.5,26,0.0,0.0
2024-04-19 00:00:00-04:00,2681.75,2682.0,2680.0,2680.0,6,0.0,0.0
2024-04-22 00:00:00-04:00,2660.75,2673.25,2660.75,2660.75,16,0.0,0.0
2024-04-23 00:00:00-04:00,2572.0,2572.0,2572.0,2572.0,1,0.0,0.0
2024-04-24 00:00:00-04:00,2601.75,2601.75,2599.75,2600.75,3,0.0,0.0
2024-04-25 00:00:00-04:00,2593.75,2593.75,2526.0,2526.0,6,0.0,0.0
2024-04-26 00:00:00-04:00,2554.75,2554.75,2554.75,2554.75,5,0.0,0.0
2024-04-29 00:00:00-04:00,2566.0,2566.0,2566.0,2566.0,0,0.0,0.0
2024-04-30 00:00:00-04:00,2561.25,2561.25,2561.25,2561.25,0,0.0,0.0
2024-05-01 00:00:00-04:00,2537.75,2537.75,2537.75,2537.75,0,0.0,0.0
2024-05-02 00:00:00-04:00,2491.75,2491.75,2491.75,2491.75,0,0.0,0.0
2024-05-03 00:00:00-04:00,2512.25,2512.25,2512.25,2512.25,0,0.0,0.0
2024-05-06 00:00:00-04:00,2554.25,2554.25,2554.25,2554.25,0,0.0,0.0
2024-05-07 00:00:00-04:00,2527.0,2527.0,2527.0,2527.0,1,0.0,0.0
2024-05-08 00:00:00-04:00,2503.75,2503.75,2503.75,2503.75,0,0.0,0.0
2024-05-09 00:00:00-04:00,2510.5,2510.5,2510.5,2510.5,0,0.0,0.0
2024-05-10 00:00:00-04:00,2488.25,2488.25,2488.25,2488.25,0,0.0,0.0
2024-05-13 00:00:00-04:00,2493.75,2493.75,2493.75,2493.75,0,0.0,0.0
2024-05-14 00:00:00-04:00,2491.5,2491.5,2491.5,2491.5,1,0.0,0.0
2024-05-15 00:00:00-04:00,2533.5,2533.5,2533.5,2533.5,1,0.0,0.0
2024-05-16 00:00:00-04:00,2529.0,2529.0,2529.0,2529.0,1,0.0,0.0
2024-05-17 00:00:00-04:00,2533.5,2533.5,2533.5,2533.5,8,0.0,0.0
2024-05-20 00:00:00-04:00,2557.5,2557.5,2557.5,2557.5,0,0.0,0.0
2024-05-21 00:00:00-04:00,2651.0,2651.0,2651.0,2651.0,0,0.0,0.0
2024-05-22 00:00:00-04:00,2568.0,2568.0,2568.0,2568.0,0,0.0,0.0
2024-05-23 00:00:00-04:00,2550.25,2550.25,2550.25,2550.25,0,0.0,0.0
2024-05-24 00:00:00-04:00,2588.25,2588.25,2588.25,2588.25,0,0.0,0.0
2024-05-28 00:00:00-04:00,2654.75,2654.75,2654.75,2654.75,0,0.0,0.0
2024-05-29 00:00:00-04:00,2703.5,2703.5,2703.5,2703.5,30,0.0,0.0
2024-05-30 00:00:00-04:00,2648.0,2648.0,2648.0,2648.0,14,0.0,0.0
2024-05-31 00:00:00-04:00,2591.5,2591.5,2591.5,2591.5,11,0.0,0.0
2024-06-03 00:00:00-04:00,2601.75,2601.75,2601.75,2601.75,0,0.0,0.0
2024-06-04 00:00:00-04:00,2599.5,2599.5,2599.5,2599.5,5,0.0,0.0
2024-06-05 00:00:00-04:00,2563.0,2563.0,2558.25,2558.25,80,0.0,0.0
2024-06-06 00:00:00-04:00,2592.75,2592.75,2592.75,2592.75,20,0.0,0.0
2024-06-07 00:00:00-04:00,2507.75,2507.75,2507.75,2507.75,0,0.0,0.0
2024-06-10 00:00:00-04:00,2499.5,2499.5,2499.5,2499.5,0,0.0,0.0
2024-06-11 00:00:00-04:00,2459.25,2459.25,2459.25,2459.25,0,0.0,0.0
2024-06-12 00:00:00-04:00,2496.75,2496.75,2496.75,2496.75,0,0.0,0.0
2024-06-13 00:00:00-04:00,2477.0,2477.0,2477.0,2477.0,0,0.0,0.0
2024-06-14 00:00:00-04:00,2440.75,2440.75,2440.75,2440.75,0,0.0,0.0
2024-06-17 00:00:00-04:00,2425.5,2425.5,2425.5,2425.5,0,0.0,0.0
2024-06-18 00:00:00-04:00,2416.5,2416.5,2416.5,2416.5,0,0.0,0.0
2024-06-20 00:00:00-04:00,2441.75,2441.75,2441.75,2441.75,0,0.0,0.0
2024-06-21 00:00:00-04:00,2432.25,2432.25,2432.25,2432.25,0,0.0,0.0
2024-06-24 00:00:00-04:00,2423.0,2423.0,2423.0,2423.0,0,0.0,0.0
2024-06-25 00:00:00-04:00,2421.25,2421.25,2421.25,2421.25,1,0.0,0.0
2024-06-26 00:00:00-04:00,2434.5,2434.5,2434.5,2434.5,296,0.0,0.0
2024-06-27 00:00:00-04:00,2434.75,2436.0,2434.75,2436.0,2,0.0,0.0
2024-06-28 00:00:00-04:00,2457.25,2457.25,2457.25,2457.25,0,0.0,0.0
2024-07-01 00:00:00-04:00,2457.25,2457.25,2439.75,2444.25,22,0.0,0.0
2024-07-02 00:00:00-04:00,2450.0,2450.0,2450.0,2450.0,0,0.0,0.0
2024-07-03 00:00:00-04:00,2483.75,2483.75,2483.75,2483.75,2,0.0,0.0
2024-07-05 00:00:00-04:00,2457.5,2457.5,2457.5,2457.5,3,0.0,0.0
2024-07-08 00:00:00-04:00,2457.0,2458.0,2456.25,2456.25,7,0.0,0.0
2024-07-09 00:00:00-04:00,2419.25,2420.25,2419.25,2420.25,1,0.0,0.0
2024-07-10 00:00:00-04:00,2409.0,2410.0,2400.0,2400.0,6,0.0,0.0
2024-07-11 00:00:00-04:00,2390.25,2390.25,2390.25,2390.25,0,0.0,0.0
2024-07-12 00:00:00-04:00,2388.25,2388.25,2388.25,2388.25,0,0.0,0.0
2024-07-15 00:00:00-04:00,2362.0,2362.0,2362.0,2362.0,6,0.0,0.0
2024-07-16 00:00:00-04:00,2314.5,2314.5,2314.5,2314.5,0,0.0,0.0
2024-07-17 00:00:00-04:00,2313.25,2313.25,2313.25,2313.25,0,0.0,0.0
2024-07-18 00:00:00-04:00,2292.75,2292.75,2292.75,2292.75,0,0.0,0.0
2024-07-19 00:00:00-04:00,2263.5,2263.5,2263.5,2263.5,0,0.0,0.0
2024-07-22 00:00:00-04:00,2210.5,2210.5,2210.5,2210.5,0,0.0,0.0
2024-07-23 00:00:00-04:00,2211.5,2211.5,2211.5,2211.5,0,0.0,0.0
2024-07-24 00:00:00-04:00,2219.0,2219.0,2219.0,2219.0,0,0.0,0.0
2024-07-25 00:00:00-04:00,2188.0,2188.0,2188.0,2188.0,0,0.0,0.0
2024-07-26 00:00:00-04:00,2212.0,2212.0,2212.0,2212.0,0,0.0,0.0
2024-07-29 00:00:00-04:00,2163.5,2163.5,2163.5,2163.5,11,0.0,0.0
2024-07-30 00:00:00-04:00,2125.0,2125.0,2125.0,2125.0,33,0.0,0.0
2024-07-31 00:00:00-04:00,2189.0,2189.0,2189.0,2189.0,140,0.0,0.0
2024-08-01 00:00:00-04:00,2176.25,2176.25,2176.25,2176.25,64,0.0,0.0
2024-08-02 00:00:00-04:00,2155.0,2155.0,2155.0,2155.0,0,0.0,0.0
2024-08-05 00:00:00-04:00,2134.75,2134.75,2134.75,2134.75,3,0.0,0.0
2024-08-06 00:00:00-04:00,2181.0,2181.0,2181.0,2181.0,49,0.0,0.0
2024-08-07 00:00:00-04:00,2177.25,2177.25,2177.25,2177.25,49,0.0,0.0
2024-08-08 00:00:00-04:00,2167.0,2167.0,2167.0,2167.0,49,0.0,0.0
2024-08-09 00:00:00-04:00,2181.75,2182.25,2181.75,2182.25,14,0.0,0.0
2024-08-12 00:00:00-04:00,2199.0,2199.0,2199.0,2199.0,14,0.0,0.0
2024-08-13 00:00:00-04:00,2211.0,2211.0,2211.0,2211.0,14,0.0,0.0
2024-08-14 00:00:00-04:00,2211.0,2211.0,2211.0,2211.0,14,0.0,0.0
2024-08-15 00:00:00-04:00,2237.0,2237.0,2237.0,2237.0,14,0.0,0.0
2024-08-16 00:00:00-04:00,2235.5,2235.5,2235.5,2235.5,3,0.0,0.0
2024-08-19 00:00:00-04:00,2308.75,2308.75,2308.75,2308.75,3,0.0,0.0
2024-08-20 00:00:00-04:00,2357.0,2357.0,2357.0,2357.0,3,0.0,0.0
2024-08-21 00:00:00-04:00,2346.75,2346.75,2346.75,2346.75,3,0.0,0.0
2024-08-22 00:00:00-04:00,2350.25,2350.25,2350.25,2350.25,3,0.0,0.0
2024-08-23 00:00:00-04:00,2419.5,2419.5,2419.5,2419.5,3,0.0,0.0
2024-08-26 00:00:00-04:00,2412.5,2412.5,2412.5,2412.5,3,0.0,0.0
2024-08-27 00:00:00-04:00,2418.25,2418.25,2418.25,2418.25,3,0.0,0.0
2024-08-28 00:00:00-04:00,2363.0,2363.0,2363.0,2363.0,14,0.0,0.0
2024-08-29 00:00:00-04:00,2344.75,2344.75,2344.75,2344.75,148,0.0,0.0
2024-08-30 00:00:00-04:00,2367.5,2367.5,2342.5,2342.5,61,0.0,0.0
2024-09-03 00:00:00-04:00,2294.5,2294.5,2294.5,2294.5,0,0.0,0.0
2024-09-04 00:00:00-04:00,2288.0,2309.25,2279.25,2293.0,87,0.0,0.0
2024-09-05 00:00:00-04:00,2269.5,2269.5,2269.5,2269.5,87,0.0,0.0
2024-09-06 00:00:00-04:00,2269.25,2289.5,2258.0,2258.0,78,0.0,0.0
2024-09-09 00:00:00-04:00,2257.5,2257.5,2257.5,2257.5,78,0.0,0.0
2024-09-10 00:00:00-04:00,2259.5,2259.5,2259.5,2259.5,78,0.0,0.0
2024-09-11 00:00:00-04:00,2297.5,2300.0,2297.5,2300.0,66,0.0,0.0
2024-09-12 00:00:00-04:00,2334.5,2334.5,2334.5,2334.5,66,0.0,0.0
2024-09-13 00:00:00-04:00,2380.0,2380.0,2380.0,2380.0,66,0.0,0.0
2024-09-16 00:00:00-04:00,2437.25,2437.5,2432.0,2437.5,4,0.0,0.0
2024-09-17 00:00:00-04:00,2430.25,2430.25,2430.25,2430.25,16,0.0,0.0
2024-09-18 00:00:00-04:00,2437.5,2437.5,2418.5,2437.5,10,0.0,0.0
2024-09-19 00:00:00-04:00,2463.25,2463.25,2463.25,2463.25,4,0.0,0.0
2024-09-20 00:00:00-04:00,2402.25,2402.25,2402.25,2402.25,4,0.0,0.0
2024-09-23 00:00:00-04:00,2408.0,2408.0,2408.0,2408.0,4,0.0,0.0
2024-09-24 00:00:00-04:00,2484.5,2484.5,2484.5,2484.5,4,0.0,0.0
2024-09-25 00:00:00-04:00,2451.75,2465.0,2451.75,2451.75,5,0.0,0.0
2024-09-26 00:00:00-04:00,2543.0,2543.0,2543.0,2543.0,10,0.0,0.0
2024-09-27 00:00:00-04:00,2579.0,2579.0,2579.0,2579.0,244,0.0,0.0
2024-09-30 00:00:00-04:00,2534.25,2534.25,2534.25,2534.25,0,0.0,0.0
2024-10-01 00:00:00-04:00,2564.75,2564.75,2564.75,2564.75,0,0.0,0.0
2024-10-02 00:00:00-04:00,2580.5,2580.5,2580.5,2580.5,2,0.0,0.0
2024-10-03 00:00:00-04:00,2551.25,2551.25,2551.25,2551.25,2,0.0,0.0
2024-10-04 00:00:00-04:00,2583.75,2583.75,2583.75,2583.75,5,0.0,0.0
2024-10-07 00:00:00-04:00,2590.5,2590.5,2590.5,2590.5,0,0.0,0.0
2024-10-08 00:00:00-04:00,2496.25,2496.25,2496.25,2496.25,0,0.0,0.0
2024-10-09 00:00:00-04:00,2463.0,2463.0,2463.0,2463.0,0,0.0,0.0
2024-10-10 00:00:00-04:00,2520.75,2520.75,2520.75,2520.75,0,0.0,0.0
2024-10-11 00:00:00-04:00,2569.75,2569.75,2569.75,2569.75,0,0.0,0.0
2024-10-14 00:00:00-04:00,2533.75,2533.75,2533.75,2533.75,0,0.0,0.0
2024-10-15 00:00:00-04:00,2508.0,2515.5,2500.0,2515.5,5,0.0,0.0
2024-10-16 00:00:00-04:00,2525.25,2525.25,2525.25,2525.25,0,0.0,0.0
2024-10-17 00:00:00-04:00,2503.75,2503.75,2503.75,2503.75,0,0.0,0.0
2024-10-18 00:00:00-04:00,2566.25,2566.25,2566.25,2566.25,11,0.0,0.0
2024-10-21 00:00:00-04:00,2541.5,2541.5,2541.5,2541.5,0,0.0,0.0
2024-10-22 00:00:00-04:00,2574.5,2574.5,2574.5,2574.5,0,0.0,0.0
2024-10-23 00:00:00-04:00,2612.25,2612.25,2612.25,2612.25,0,0.0,0.0
2024-10-24 00:00:00-04:00,2597.25,2597.25,2597.25,2597.25,0,0.0,0.0
2024-10-25 00:00:00-04:00,2629.0,2629.0,2629.0,2629.0,0,0.0,0.0
2024-10-28 00:00:00-04:00,2590.5,2590.5,2590.5,2590.5,6,0.0,0.0
2024-10-29 00:00:00-04:00,2606.0,2606.0,2606.0,2606.0,62,0.0,0.0
2024-10-30 00:00:00-04:00,2594.5,2594.5,2563.0,2563.0,15,0.0,0.0
2024-10-31 00:00:00-04:00,2560.5,2560.5,2560.5,2560.5,0,0.0,0.0
2024-11-01 00:00:00-04:00,2535.25,2546.25,2524.5,2546.25,33,0.0,0.0
2024-11-04 00:00:00-05:00,2543.75,2560.75,2542.75,2560.75,54,0.0,0.0
2024-11-05 00:00:00-05:00,2616.75,2616.75,2616.75,2616.75,0,0.0,0.0
2024-11-06 00:00:00-05:00,2548.75,2548.75,2548.75,2548.75,0,0.0,0.0
2024-11-07 00:00:00-05:00,2654.5,2654.5,2652.0,2654.5,12,0.0,0.0
2024-11-08 00:00:00-05:00,2561.75,2561.75,2561.75,2561.75,79,0.0,0.0
2024-11-11 00:00:00-05:00,2502.5,2502.5,2502.5,2502.5,18,0.0,0.0
2024-11-12 00:00:00-05:00,2471.0,2473.0,2471.0,2471.0,18,0.0,0.0
2024-11-13 00:00:00-05:00,2462.0,2465.0,2452.25,2452.25,14,0.0,0.0
2024-11-14 00:00:00-05:00,2428.5,2428.5,2428.5,2428.5,0,0.0,0.0
2024-11-15 00:00:00-05:00,2566.75,2566.75,2566.75,2566.75,0,0.0,0.0
2024-11-18 00:00:00-05:00,2535.5,2535.5,2535.5,2535.5,0,0.0,0.0
2024-11-19 00:00:00-05:00,2574.25,2575.25,2548.0,2575.25,13,0.0,0.0
2024-11-20 00:00:00-05:00,2573.25,2573.25,2573.25,2573.25,2,0.0,0.0
2024-11-21 00:00:00-05:00,2570.5,2570.5,2570.5,2570.5,1,0.0,0.0
2024-11-22 00:00:00-05:00,2556.0,2556.0,2556.0,2556.0,0,0.0,0.0
2024-11-25 00:00:00-05:00,2580.75,2580.75,2580.75,2580.75,0,0.0,0.0
2024-11-26 00:00:00-05:00,2555.25,2555.25,2555.25,2555.25,14,0.0,0.0
2024-11-27 00:00:00-05:00,2556.5,2556.5,2556.5,2556.5,0,0.0,0.0
2024-11-28 00:00:00-05:00,2526.0,2526.0,2526.0,2526.0,0,0.0,0.0
2024-11-29 00:00:00-05:00,2586.0,2611.0,2544.5,2604.5,501,0.0,0.0
